id,title,original_language,overview,release_date,budget,revenue,runtime,status,vote_average,vote_count,popularity,genres
1000,Midnight Echo 88,ko,A compelling story about adventure and discovery in a world of possibilities.,2013-05-04,1000000,3359175,117,Released,4.2,6430,62.131,"[{""id"": 1, ""name"": ""Romance""}, {""id"": 2, ""name"": ""Action""}, {""id"": 3, ""name"": ""Adventure""}]"
1001,Autumn Leaves 4,pt,A compelling story about adventure and discovery in a world of possibilities.,1992-05-19,15000000,36260197,93,Released,5.5,7523,10.67,"[{""id"": 1, ""name"": ""Animation""}, {""id"": 2, ""name"": ""Sci-Fi""}]"
1002,Autumn Leaves 90,en,A compelling story about adventure and discovery in a world of possibilities.,1993-02-06,1000000,2968191,153,In Production,9.0,13113,33.328,"[{""id"": 1, ""name"": ""Sci-Fi""}, {""id"": 2, ""name"": ""Documentary""}, {""id"": 3, ""name"": ""Comedy""}]"
1003,The Last Horizon 89,ru,A compelling story about adventure and discovery in a world of possibilities.,2015-09-13,1000000,4070325,167,Released,4.3,9697,2.394,"[{""id"": 1, ""name"": ""Horror""}, {""id"": 2, ""name"": ""Animation""}]"
1004,Winter Soldier 23,es,A compelling story about adventure and discovery in a world of possibilities.,2017-07-09,15000000,27828310,116,Released,6.8,10975,88.834,"[{""id"": 1, ""name"": ""Sci-Fi""}, {""id"": 2, ""name"": ""Horror""}, {""id"": 3, ""name"": ""Comedy""}]"
1005,Shadow Walker 77,en,A compelling story about adventure and discovery in a world of possibilities.,2003-07-27,15000000,34641641,175,Released,5.0,12393,69.856,"[{""id"": 1, ""name"": ""Animation""}]"
1006,Mountain Peak 62,es,A compelling story about adventure and discovery in a world of possibilities.,1996-11-19,1000000,4669578,85,Released,8.2,3637,42.234,"[{""id"": 1, ""name"": ""Romance""}]"
1007,Beyond the Stars 97,en,A compelling story about adventure and discovery in a world of possibilities.,2002-09-03,0,1954109,123,Released,5.1,13929,56.252,"[{""id"": 1, ""name"": ""Comedy""}, {""id"": 2, ""name"": ""Drama""}]"
1008,Beyond the Stars 96,it,A compelling story about adventure and discovery in a world of possibilities.,2006-11-17,200000000,446374792,98,In Production,3.9,1717,45.331,"[{""id"": 1, ""name"": ""Thriller""}]"
1009,Winter Soldier 16,ko,A compelling story about adventure and discovery in a world of possibilities.,1994-04-02,15000000,42272115,138,In Production,7.5,9996,59.498,"[{""id"": 1, ""name"": ""Sci-Fi""}, {""id"": 2, ""name"": ""Documentary""}]"
1010,Autumn Leaves 23,fr,A compelling story about adventure and discovery in a world of possibilities.,2022-08-07,100000000,94634843,121,Released,4.5,6297,81.905,"[{""id"": 1, ""name"": ""Action""}, {""id"": 2, ""name"": ""Animation""}, {""id"": 3, ""name"": ""Romance""}]"
1011,Nightfall 24,en,A compelling story about adventure and discovery in a world of possibilities.,1998-09-03,50000000,213965368,112,Released,3.5,5549,89.957,"[{""id"": 1, ""name"": ""Drama""}]"
1012,The Last Horizon 68,en,A compelling story about adventure and discovery in a world of possibilities.,1991-06-03,15000000,20310986,100,Released,5.4,13713,85.073,"[{""id"": 1, ""name"": ""Thriller""}, {""id"": 2, ""name"": ""Animation""}]"
1013,Forest Tales 64,zh,A compelling story about adventure and discovery in a world of possibilities.,2016-11-02,5000000,16659929,140,Released,6.7,13513,64.902,"[{""id"": 1, ""name"": ""Adventure""}]"
1014,The Last Horizon 67,en,A compelling story about adventure and discovery in a world of possibilities.,2020-03-01,0,4335868,104,Released,9.1,579,93.072,"[{""id"": 1, ""name"": ""Comedy""}]"
1015,Winter Soldier 39,en,A compelling story about adventure and discovery in a world of possibilities.,1991-10-17,50000000,47106012,105,Released,4.7,10657,91.411,"[{""id"": 1, ""name"": ""Action""}, {""id"": 2, ""name"": ""Sci-Fi""}]"
1016,Midnight Echo 32,fr,A compelling story about adventure and discovery in a world of possibilities.,2003-12-19,5000000,10326199,165,Released,6.0,584,98.202,"[{""id"": 1, ""name"": ""Adventure""}, {""id"": 2, ""name"": ""Drama""}]"
1017,Crimson Tide 96,fr,A compelling story about adventure and discovery in a world of possibilities.,1997-05-12,200000000,489829251,126,Released,7.1,7997,14.142,"[{""id"": 1, ""name"": ""Documentary""}, {""id"": 2, ""name"": ""Sci-Fi""}]"
1018,The Last Horizon 58,it,A compelling story about adventure and discovery in a world of possibilities.,2015-05-23,5000000,17679747,113,In Production,3.6,3682,66.36,"[{""id"": 1, ""name"": ""Animation""}, {""id"": 2, ""name"": ""Sci-Fi""}]"
1019,Beyond the Stars 47,en,A compelling story about adventure and discovery in a world of possibilities.,2015-03-05,1000000,1906834,141,Released,4.1,11161,10.686,"[{""id"": 1, ""name"": ""Adventure""}]"
1020,Spring Awakening 58,fr,A compelling story about adventure and discovery in a world of possibilities.,1994-04-02,5000000,1859656,148,Post Production,4.1,2849,94.445,"[{""id"": 1, ""name"": ""Animation""}]"
1021,Ocean's Dream 29,en,A compelling story about adventure and discovery in a world of possibilities.,2001-03-01,200000000,911029603,174,In Production,3.1,10748,62.207,"[{""id"": 1, ""name"": ""Romance""}, {""id"": 2, ""name"": ""Sci-Fi""}]"
1022,Whispers in the Dark 89,ko,A compelling story about adventure and discovery in a world of possibilities.,1996-04-26,15000000,48840470,115,Released,5.8,2977,80.877,"[{""id"": 1, ""name"": ""Drama""}, {""id"": 2, ""name"": ""Adventure""}, {""id"": 3, ""name"": ""Horror""}]"
1023,Summer Rain 62,en,A compelling story about adventure and discovery in a world of possibilities.,2002-07-25,1000000,2075325,168,In Production,4.9,7196,39.531,"[{""id"": 1, ""name"": ""Animation""}]"
1024,Whispers in the Dark 53,ja,A compelling story about adventure and discovery in a world of possibilities.,2005-05-05,5000000,9223616,136,Post Production,9.1,5315,6.698,"[{""id"": 1, ""name"": ""Sci-Fi""}]"
1025,Crimson Tide 7,en,A compelling story about adventure and discovery in a world of possibilities.,2001-09-10,50000000,218714145,119,Released,5.6,6948,70.918,"[{""id"": 1, ""name"": ""Horror""}, {""id"": 2, ""name"": ""Action""}, {""id"": 3, ""name"": ""Comedy""}]"
1026,Ocean's Dream 54,de,A compelling story about adventure and discovery in a world of possibilities.,2014-04-04,5000000,3462266,153,Released,5.1,11724,26.115,"[{""id"": 1, ""name"": ""Comedy""}]"
1027,Ocean's Dream 45,pt,A compelling story about adventure and discovery in a world of possibilities.,2014-08-01,1000000,4827145,140,Post Production,3.3,11486,99.304,"[{""id"": 1, ""name"": ""Animation""}, {""id"": 2, ""name"": ""Comedy""}]"
1028,Desert Wind 12,pt,A compelling story about adventure and discovery in a world of possibilities.,2003-01-21,15000000,31586229,95,In Production,6.0,677,34.23,"[{""id"": 1, ""name"": ""Sci-Fi""}]"
1029,Mountain Peak 92,en,A compelling story about adventure and discovery in a world of possibilities.,2016-06-17,5000000,11163357,92,In Production,3.5,12687,95.03,"[{""id"": 1, ""name"": ""Romance""}, {""id"": 2, ""name"": ""Drama""}]"
1030,Desert Wind 85,de,A compelling story about adventure and discovery in a world of possibilities.,2022-06-01,15000000,73962666,168,In Production,8.4,4794,83.995,"[{""id"": 1, ""name"": ""Thriller""}]"
1031,Beyond the Stars 74,ko,A compelling story about adventure and discovery in a world of possibilities.,1994-06-03,15000000,58713612,96,Post Production,5.9,6007,25.893,"[{""id"": 1, ""name"": ""Comedy""}, {""id"": 2, ""name"": ""Adventure""}]"
1032,Beyond the Stars 94,zh,A compelling story about adventure and discovery in a world of possibilities.,1992-11-18,100000000,289396214,136,Released,3.9,3384,42.633,"[{""id"": 1, ""name"": ""Animation""}]"
1033,Nightfall 38,en,A compelling story about adventure and discovery in a world of possibilities.,2023-02-15,5000000,22747729,158,Released,4.9,3187,86.374,"[{""id"": 1, ""name"": ""Action""}]"
1034,Winter Soldier 75,en,A compelling story about adventure and discovery in a world of possibilities.,1995-05-02,5000000,16384920,102,Released,3.9,7697,18.827,"[{""id"": 1, ""name"": ""Drama""}]"
1035,Crimson Tide 1,fr,A compelling story about adventure and discovery in a world of possibilities.,2010-05-18,5000000,5659746,91,Released,8.8,10170,50.838,"[{""id"": 1, ""name"": ""Horror""}]"
1036,Nightfall 79,fr,A compelling story about adventure and discovery in a world of possibilities.,2015-04-01,0,3982588,135,In Production,4.5,12325,37.522,"[{""id"": 1, ""name"": ""Comedy""}]"
1037,Shadow Walker 39,en,A compelling story about adventure and discovery in a world of possibilities.,2024-03-15,1000000,3765804,165,Released,6.5,4642,89.162,"[{""id"": 1, ""name"": ""Horror""}, {""id"": 2, ""name"": ""Comedy""}]"
1038,Beyond the Stars 6,zh,A compelling story about adventure and discovery in a world of possibilities.,1997-08-17,15000000,31203470,143,Released,4.6,10564,98.665,"[{""id"": 1, ""name"": ""Animation""}]"
1039,Frozen Heart 36,ru,A compelling story about adventure and discovery in a world of possibilities.,2019-08-23,50000000,27134337,85,Released,6.7,12372,86.685,"[{""id"": 1, ""name"": ""Adventure""}]"
1040,Whispers in the Dark 19,en,A compelling story about adventure and discovery in a world of possibilities.,1997-10-19,50000000,63193226,99,Released,6.4,2058,61.451,"[{""id"": 1, ""name"": ""Horror""}, {""id"": 2, ""name"": ""Sci-Fi""}]"
1041,Frozen Heart 2,en,A compelling story about adventure and discovery in a world of possibilities.,1999-05-23,15000000,18721997,142,Post Production,3.0,2834,59.968,"[{""id"": 1, ""name"": ""Animation""}, {""id"": 2, ""name"": ""Romance""}]"
1042,Frozen Heart 64,fr,A compelling story about adventure and discovery in a world of possibilities.,2000-09-02,1000000,612532,143,Post Production,3.9,9074,75.3,"[{""id"": 1, ""name"": ""Animation""}, {""id"": 2, ""name"": ""Documentary""}]"
1043,Frozen Heart 39,de,A compelling story about adventure and discovery in a world of possibilities.,1993-09-13,15000000,52650235,111,Released,7.1,5994,75.013,"[{""id"": 1, ""name"": ""Action""}, {""id"": 2, ""name"": ""Thriller""}]"
1044,Nightfall 15,zh,A compelling story about adventure and discovery in a world of possibilities.,1995-06-03,15000000,28110845,112,Released,7.8,932,79.071,"[{""id"": 1, ""name"": ""Romance""}, {""id"": 2, ""name"": ""Thriller""}, {""id"": 3, ""name"": ""Drama""}]"
1045,Mountain Peak 31,en,A compelling story about adventure and discovery in a world of possibilities.,1999-05-27,50000000,39185267,167,Released,5.6,3238,54.446,"[{""id"": 1, ""name"": ""Thriller""}, {""id"": 2, ""name"": ""Romance""}]"
1046,Crimson Tide 6,en,A compelling story about adventure and discovery in a world of possibilities.,2016-05-20,1000000,4569717,126,Released,9.2,2453,91.273,"[{""id"": 1, ""name"": ""Sci-Fi""}]"
1047,Spring Awakening 29,en,A compelling story about adventure and discovery in a world of possibilities.,1997-10-17,15000000,47273410,120,In Production,8.9,1802,12.211,"[{""id"": 1, ""name"": ""Sci-Fi""}, {""id"": 2, ""name"": ""Adventure""}]"
1048,The Great Escape 35,en,A compelling story about adventure and discovery in a world of possibilities.,2004-05-15,0,8900019,104,Released,9.0,8587,47.104,"[{""id"": 1, ""name"": ""Documentary""}]"
1049,The Last Horizon 49,ja,A compelling story about adventure and discovery in a world of possibilities.,2013-09-07,1000000,459232,101,Released,3.1,5598,52.002,"[{""id"": 1, ""name"": ""Documentary""}, {""id"": 2, ""name"": ""Adventure""}, {""id"": 3, ""name"": ""Sci-Fi""}]"
1050,Spring Awakening 62,en,A compelling story about adventure and discovery in a world of possibilities.,1996-01-13,5000000,11529539,108,Released,3.2,8487,83.82,"[{""id"": 1, ""name"": ""Sci-Fi""}]"
1051,Silent Storm 3,en,A compelling story about adventure and discovery in a world of possibilities.,2019-06-19,1000000,1155062,153,Released,7.2,3461,80.274,"[{""id"": 1, ""name"": ""Thriller""}, {""id"": 2, ""name"": ""Horror""}, {""id"": 3, ""name"": ""Documentary""}]"
1052,The Last Horizon 92,en,A compelling story about adventure and discovery in a world of possibilities.,1997-06-25,50000000,56957995,113,Released,4.6,9513,85.714,"[{""id"": 1, ""name"": ""Adventure""}, {""id"": 2, ""name"": ""Romance""}, {""id"": 3, ""name"": ""Animation""}]"
1053,Spring Awakening 36,es,A compelling story about adventure and discovery in a world of possibilities.,2022-07-21,0,7507324,161,Released,8.9,6862,34.84,"[{""id"": 1, ""name"": ""Documentary""}, {""id"": 2, ""name"": ""Action""}, {""id"": 3, ""name"": ""Thriller""}]"
1054,Ocean's Dream 24,en,A compelling story about adventure and discovery in a world of possibilities.,2019-09-02,100000000,133169946,109,Released,8.8,4233,19.029,"[{""id"": 1, ""name"": ""Documentary""}, {""id"": 2, ""name"": ""Adventure""}]"
1055,Mountain Peak 98,en,A compelling story about adventure and discovery in a world of possibilities.,2011-11-14,200000000,554148771,154,In Production,8.9,12126,81.69,"[{""id"": 1, ""name"": ""Animation""}, {""id"": 2, ""name"": ""Horror""}]"
1056,Frozen Heart 98,es,A compelling story about adventure and discovery in a world of possibilities.,2011-05-27,100000000,440728336,132,Released,8.9,2979,41.034,"[{""id"": 1, ""name"": ""Thriller""}]"
1057,Summer Rain 59,en,A compelling story about adventure and discovery in a world of possibilities.,2015-05-11,5000000,9858308,178,In Production,6.1,6776,95.455,"[{""id"": 1, ""name"": ""Animation""}, {""id"": 2, ""name"": ""Documentary""}]"
1058,Midnight Echo 73,en,A compelling story about adventure and discovery in a world of possibilities.,2006-11-13,1000000,3229662,96,Released,6.2,9140,60.23,"[{""id"": 1, ""name"": ""Documentary""}, {""id"": 2, ""name"": ""Thriller""}]"
1059,Summer Rain 61,ja,A compelling story about adventure and discovery in a world of possibilities.,2023-12-19,5000000,20474610,136,Released,4.2,1351,95.859,"[{""id"": 1, ""name"": ""Action""}]"
1060,Forest Tales 32,de,A compelling story about adventure and discovery in a world of possibilities.,2004-11-26,0,8369689,150,Released,4.2,7134,47.848,"[{""id"": 1, ""name"": ""Drama""}, {""id"": 2, ""name"": ""Horror""}, {""id"": 3, ""name"": ""Romance""}]"
1061,Silent Storm 17,es,A compelling story about adventure and discovery in a world of possibilities.,2020-04-07,15000000,41331637,103,Released,6.6,7990,8.618,"[{""id"": 1, ""name"": ""Horror""}, {""id"": 2, ""name"": ""Romance""}, {""id"": 3, ""name"": ""Animation""}]"
1062,Midnight Echo 55,en,A compelling story about adventure and discovery in a world of possibilities.,2002-02-01,100000000,319455698,113,In Production,3.0,10006,53.365,"[{""id"": 1, ""name"": ""Drama""}]"
1063,Silent Storm 84,de,A compelling story about adventure and discovery in a world of possibilities.,2005-08-12,200000000,782177009,173,Released,3.7,1175,30.403,"[{""id"": 1, ""name"": ""Drama""}, {""id"": 2, ""name"": ""Documentary""}, {""id"": 3, ""name"": ""Adventure""}]"
1064,Beyond the Stars 61,en,A compelling story about adventure and discovery in a world of possibilities.,1998-01-25,15000000,19886899,149,In Production,6.9,13383,61.728,"[{""id"": 1, ""name"": ""Drama""}, {""id"": 2, ""name"": ""Adventure""}]"
1065,Steel Thunder 6,ko,A compelling story about adventure and discovery in a world of possibilities.,1999-11-02,5000000,2363200,133,Released,6.4,13341,99.496,"[{""id"": 1, ""name"": ""Romance""}]"
1066,The Great Escape 68,fr,A compelling story about adventure and discovery in a world of possibilities.,2024-06-13,1000000,2823779,177,Released,8.7,7500,28.023,"[{""id"": 1, ""name"": ""Sci-Fi""}]"
1067,Forest Tales 38,en,A compelling story about adventure and discovery in a world of possibilities.,2014-05-11,0,9462743,84,Released,6.5,8238,22.798,"[{""id"": 1, ""name"": ""Romance""}]"
1068,Spring Awakening 80,es,A compelling story about adventure and discovery in a world of possibilities.,2023-08-27,100000000,374937661,176,Released,8.6,1714,34.067,"[{""id"": 1, ""name"": ""Horror""}]"
1069,Silent Storm 31,en,A compelling story about adventure and discovery in a world of possibilities.,2020-07-10,1000000,1875058,81,In Production,7.9,9749,1.632,"[{""id"": 1, ""name"": ""Animation""}]"
1070,Forest Tales 94,ja,A compelling story about adventure and discovery in a world of possibilities.,1995-03-07,15000000,72390936,101,Released,4.1,12781,7.716,"[{""id"": 1, ""name"": ""Romance""}]"
1071,Whispers in the Dark 99,fr,A compelling story about adventure and discovery in a world of possibilities.,2007-02-14,200000000,970745183,155,Post Production,3.1,7823,37.812,"[{""id"": 1, ""name"": ""Sci-Fi""}, {""id"": 2, ""name"": ""Drama""}, {""id"": 3, ""name"": ""Horror""}]"
1072,Desert Wind 32,en,A compelling story about adventure and discovery in a world of possibilities.,2002-09-07,15000000,62727413,157,Released,7.3,5668,86.937,"[{""id"": 1, ""name"": ""Sci-Fi""}, {""id"": 2, ""name"": ""Drama""}, {""id"": 3, ""name"": ""Horror""}]"
1073,Forest Tales 34,en,A compelling story about adventure and discovery in a world of possibilities.,1994-03-27,5000000,22511331,143,Released,7.2,10011,86.571,"[{""id"": 1, ""name"": ""Adventure""}, {""id"": 2, ""name"": ""Action""}]"
1074,City Lights 15,en,A compelling story about adventure and discovery in a world of possibilities.,1996-03-12,0,8010643,157,Released,6.9,1885,43.6,"[{""id"": 1, ""name"": ""Adventure""}, {""id"": 2, ""name"": ""Romance""}, {""id"": 3, ""name"": ""Horror""}]"
1075,Autumn Leaves 95,de,A compelling story about adventure and discovery in a world of possibilities.,2002-01-08,15000000,52472192,90,Post Production,7.9,2053,78.205,"[{""id"": 1, ""name"": ""Action""}, {""id"": 2, ""name"": ""Animation""}]"
1076,Frozen Heart 32,pt,A compelling story about adventure and discovery in a world of possibilities.,2004-06-22,1000000,1926277,176,Released,6.5,14066,35.712,"[{""id"": 1, ""name"": ""Sci-Fi""}, {""id"": 2, ""name"": ""Documentary""}, {""id"": 3, ""name"": ""Comedy""}]"
1077,Desert Wind 61,de,A compelling story about adventure and discovery in a world of possibilities.,2004-02-10,1000000,791468,85,Released,9.1,10472,54.588,"[{""id"": 1, ""name"": ""Action""}]"
1078,Steel Thunder 41,en,A compelling story about adventure and discovery in a world of possibilities.,1996-11-20,15000000,46622048,93,Released,7.7,7189,25.463,"[{""id"": 1, ""name"": ""Sci-Fi""}, {""id"": 2, ""name"": ""Action""}]"
1079,Beyond the Stars 96,fr,A compelling story about adventure and discovery in a world of possibilities.,2021-03-12,15000000,55203725,138,Released,3.5,8956,68.343,"[{""id"": 1, ""name"": ""Animation""}]"
1080,Nightfall 60,en,A compelling story about adventure and discovery in a world of possibilities.,2013-04-05,5000000,10219410,128,Released,6.8,6573,3.91,"[{""id"": 1, ""name"": ""Animation""}]"
1081,The Last Horizon 99,ja,A compelling story about adventure and discovery in a world of possibilities.,2001-03-13,15000000,63437863,179,In Production,4.2,9141,37.912,"[{""id"": 1, ""name"": ""Action""}, {""id"": 2, ""name"": ""Sci-Fi""}]"
1082,Crimson Tide 17,en,A compelling story about adventure and discovery in a world of possibilities.,2003-08-07,5000000,15434345,107,Released,8.6,4366,33.194,"[{""id"": 1, ""name"": ""Adventure""}, {""id"": 2, ""name"": ""Drama""}]"
1083,Nightfall 28,en,A compelling story about adventure and discovery in a world of possibilities.,1990-05-20,15000000,71375126,116,Post Production,6.5,10554,84.573,"[{""id"": 1, ""name"": ""Documentary""}]"
1084,Beyond the Stars 33,fr,A compelling story about adventure and discovery in a world of possibilities.,2015-01-23,1000000,1146049,157,Released,4.0,2750,48.51,"[{""id"": 1, ""name"": ""Documentary""}, {""id"": 2, ""name"": ""Thriller""}, {""id"": 3, ""name"": ""Sci-Fi""}]"
1085,Frozen Heart 85,en,A compelling story about adventure and discovery in a world of possibilities.,2009-07-13,1000000,4717153,87,Post Production,5.9,4622,96.371,"[{""id"": 1, ""name"": ""Romance""}, {""id"": 2, ""name"": ""Horror""}, {""id"": 3, ""name"": ""Thriller""}]"
1086,Ocean's Dream 91,pt,A compelling story about adventure and discovery in a world of possibilities.,2007-01-26,100000000,298186580,125,Released,7.4,13608,66.23,"[{""id"": 1, ""name"": ""Documentary""}, {""id"": 2, ""name"": ""Sci-Fi""}, {""id"": 3, ""name"": ""Horror""}]"
1087,Mountain Peak 31,de,A compelling story about adventure and discovery in a world of possibilities.,1998-01-09,200000000,767282096,147,Released,5.6,12791,92.642,"[{""id"": 1, ""name"": ""Drama""}]"
1088,The Last Horizon 76,es,A compelling story about adventure and discovery in a world of possibilities.,2013-06-07,0,1576590,94,Post Production,5.5,14950,45.421,"[{""id"": 1, ""name"": ""Animation""}, {""id"": 2, ""name"": ""Horror""}, {""id"": 3, ""name"": ""Thriller""}]"
1089,Frozen Heart 48,ko,A compelling story about adventure and discovery in a world of possibilities.,1999-02-14,15000000,42736638,107,Post Production,8.3,4770,38.639,"[{""id"": 1, ""name"": ""Adventure""}]"
1090,Forest Tales 25,es,A compelling story about adventure and discovery in a world of possibilities.,2010-07-11,0,4156532,130,Released,9.1,12767,20.261,"[{""id"": 1, ""name"": ""Adventure""}, {""id"": 2, ""name"": ""Action""}]"
1091,Mountain Peak 4,ko,A compelling story about adventure and discovery in a world of possibilities.,2005-10-04,50000000,108977723,173,Released,3.8,11381,18.962,"[{""id"": 1, ""name"": ""Action""}, {""id"": 2, ""name"": ""Comedy""}]"
1092,Mountain Peak 22,ko,A compelling story about adventure and discovery in a world of possibilities.,1990-12-24,15000000,12417456,165,Released,4.5,4626,65.014,"[{""id"": 1, ""name"": ""Drama""}]"
1093,Whispers in the Dark 74,en,A compelling story about adventure and discovery in a world of possibilities.,2008-04-07,15000000,11235239,148,Released,7.8,1259,47.816,"[{""id"": 1, ""name"": ""Horror""}, {""id"": 2, ""name"": ""Sci-Fi""}]"
1094,Autumn Leaves 67,en,A compelling story about adventure and discovery in a world of possibilities.,1998-09-25,200000000,188253367,118,Released,7.5,13296,34.768,"[{""id"": 1, ""name"": ""Adventure""}]"
1095,Silent Storm 68,en,A compelling story about adventure and discovery in a world of possibilities.,1992-09-08,5000000,9573671,139,Released,7.4,2485,24.137,"[{""id"": 1, ""name"": ""Documentary""}, {""id"": 2, ""name"": ""Adventure""}]"
1096,Summer Rain 35,de,A compelling story about adventure and discovery in a world of possibilities.,2011-06-02,200000000,682128838,109,Released,3.4,12085,9.788,"[{""id"": 1, ""name"": ""Documentary""}]"
1097,Spring Awakening 5,de,A compelling story about adventure and discovery in a world of possibilities.,2001-08-20,15000000,31468102,144,Released,7.4,13405,62.735,"[{""id"": 1, ""name"": ""Horror""}]"
1098,The Great Escape 85,en,A compelling story about adventure and discovery in a world of possibilities.,2003-04-01,1000000,1905870,152,Released,5.0,5309,28.691,"[{""id"": 1, ""name"": ""Drama""}, {""id"": 2, ""name"": ""Documentary""}]"
1099,Shadow Walker 30,de,A compelling story about adventure and discovery in a world of possibilities.,2001-01-10,15000000,48770478,146,Released,8.3,12696,40.895,"[{""id"": 1, ""name"": ""Action""}, {""id"": 2, ""name"": ""Adventure""}]"
1100,The Last Horizon 80,ja,A compelling story about adventure and discovery in a world of possibilities.,1991-09-22,5000000,15749717,131,Released,9.2,7055,15.491,"[{""id"": 1, ""name"": ""Documentary""}, {""id"": 2, ""name"": ""Action""}]"
1101,Crimson Tide 32,en,A compelling story about adventure and discovery in a world of possibilities.,2001-12-13,100000000,441769440,81,Released,5.4,6440,7.074,"[{""id"": 1, ""name"": ""Romance""}]"
1102,The Great Escape 28,en,A compelling story about adventure and discovery in a world of possibilities.,2004-09-23,1000000,968572,86,Released,7.0,14093,99.673,"[{""id"": 1, ""name"": ""Horror""}, {""id"": 2, ""name"": ""Sci-Fi""}, {""id"": 3, ""name"": ""Thriller""}]"
1103,Beyond the Stars 86,pt,A compelling story about adventure and discovery in a world of possibilities.,2024-07-27,5000000,20947140,134,Released,3.9,6558,2.9,"[{""id"": 1, ""name"": ""Drama""}]"
1104,Steel Thunder 60,es,A compelling story about adventure and discovery in a world of possibilities.,2010-05-18,0,1352144,100,Released,4.7,12926,49.336,"[{""id"": 1, ""name"": ""Drama""}, {""id"": 2, ""name"": ""Animation""}, {""id"": 3, ""name"": ""Horror""}]"
1105,The Great Escape 41,es,A compelling story about adventure and discovery in a world of possibilities.,2010-10-13,1000000,780102,139,Post Production,4.8,8443,4.804,"[{""id"": 1, ""name"": ""Thriller""}, {""id"": 2, ""name"": ""Documentary""}]"
1106,The Last Horizon 87,es,A compelling story about adventure and discovery in a world of possibilities.,2012-08-13,1000000,3765938,156,Released,7.9,3466,8.136,"[{""id"": 1, ""name"": ""Horror""}]"
1107,Spring Awakening 58,en,A compelling story about adventure and discovery in a world of possibilities.,2000-04-15,100000000,398406058,173,In Production,8.0,5449,43.005,"[{""id"": 1, ""name"": ""Documentary""}, {""id"": 2, ""name"": ""Thriller""}, {""id"": 3, ""name"": ""Romance""}]"
1108,Autumn Leaves 10,ja,A compelling story about adventure and discovery in a world of possibilities.,1993-09-09,200000000,509559976,91,Released,9.4,10623,49.116,"[{""id"": 1, ""name"": ""Horror""}, {""id"": 2, ""name"": ""Romance""}, {""id"": 3, ""name"": ""Sci-Fi""}]"
1109,Ocean's Dream 32,en,A compelling story about adventure and discovery in a world of possibilities.,2014-02-22,5000000,23315462,100,Released,7.4,5351,86.276,"[{""id"": 1, ""name"": ""Sci-Fi""}, {""id"": 2, ""name"": ""Thriller""}, {""id"": 3, ""name"": ""Drama""}]"
1110,Desert Wind 89,pt,A compelling story about adventure and discovery in a world of possibilities.,1996-07-12,0,8839765,108,Post Production,4.1,14886,68.845,"[{""id"": 1, ""name"": ""Action""}]"
1111,Ocean's Dream 25,ja,A compelling story about adventure and discovery in a world of possibilities.,1992-06-19,1000000,740657,87,Released,6.6,6282,74.429,"[{""id"": 1, ""name"": ""Adventure""}, {""id"": 2, ""name"": ""Romance""}, {""id"": 3, ""name"": ""Animation""}]"
1112,Mountain Peak 9,fr,A compelling story about adventure and discovery in a world of possibilities.,2010-07-27,1000000,1970307,165,Released,7.9,10815,83.435,"[{""id"": 1, ""name"": ""Documentary""}, {""id"": 2, ""name"": ""Sci-Fi""}, {""id"": 3, ""name"": ""Adventure""}]"
1113,Whispers in the Dark 20,ja,A compelling story about adventure and discovery in a world of possibilities.,1995-08-19,200000000,406210958,178,Released,5.5,5598,1.186,"[{""id"": 1, ""name"": ""Adventure""}, {""id"": 2, ""name"": ""Thriller""}]"
1114,Nightfall 4,en,A compelling story about adventure and discovery in a world of possibilities.,1996-04-14,50000000,39472279,103,Released,6.9,14236,27.712,"[{""id"": 1, ""name"": ""Comedy""}, {""id"": 2, ""name"": ""Drama""}, {""id"": 3, ""name"": ""Animation""}]"
1115,Nightfall 92,de,A compelling story about adventure and discovery in a world of possibilities.,2008-04-23,50000000,70426535,154,Released,9.1,10038,18.175,"[{""id"": 1, ""name"": ""Animation""}, {""id"": 2, ""name"": ""Documentary""}, {""id"": 3, ""name"": ""Adventure""}]"
1116,Steel Thunder 77,de,A compelling story about adventure and discovery in a world of possibilities.,2015-05-25,15000000,73565093,173,In Production,6.8,2767,52.29,"[{""id"": 1, ""name"": ""Comedy""}, {""id"": 2, ""name"": ""Action""}]"
1117,Crimson Tide 90,en,A compelling story about adventure and discovery in a world of possibilities.,2009-01-21,15000000,38549305,118,Released,8.9,2849,73.221,"[{""id"": 1, ""name"": ""Documentary""}]"
1118,Ocean's Dream 30,en,A compelling story about adventure and discovery in a world of possibilities.,2013-09-04,0,6423959,86,Released,4.8,8471,25.705,"[{""id"": 1, ""name"": ""Sci-Fi""}, {""id"": 2, ""name"": ""Comedy""}]"
1119,The Last Horizon 91,en,A compelling story about adventure and discovery in a world of possibilities.,2007-10-11,1000000,2802377,94,Released,7.8,1181,13.671,"[{""id"": 1, ""name"": ""Thriller""}, {""id"": 2, ""name"": ""Comedy""}]"
1120,Spring Awakening 89,pt,A compelling story about adventure and discovery in a world of possibilities.,1994-03-23,1000000,2957052,91,Released,4.2,6314,15.973,"[{""id"": 1, ""name"": ""Drama""}, {""id"": 2, ""name"": ""Horror""}, {""id"": 3, ""name"": ""Thriller""}]"
1121,Summer Rain 17,es,A compelling story about adventure and discovery in a world of possibilities.,2023-12-26,15000000,60314849,149,Released,6.2,13150,14.955,"[{""id"": 1, ""name"": ""Comedy""}, {""id"": 2, ""name"": ""Drama""}, {""id"": 3, ""name"": ""Sci-Fi""}]"
1122,Spring Awakening 63,en,A compelling story about adventure and discovery in a world of possibilities.,2013-08-06,50000000,122921371,111,Post Production,4.1,14728,76.084,"[{""id"": 1, ""name"": ""Action""}, {""id"": 2, ""name"": ""Horror""}]"
1123,Steel Thunder 72,en,A compelling story about adventure and discovery in a world of possibilities.,2017-10-17,0,1726199,121,Released,8.2,10016,82.388,"[{""id"": 1, ""name"": ""Drama""}, {""id"": 2, ""name"": ""Action""}]"
1124,City Lights 82,en,A compelling story about adventure and discovery in a world of possibilities.,2010-08-23,15000000,18306777,163,In Production,8.2,2832,61.734,"[{""id"": 1, ""name"": ""Thriller""}, {""id"": 2, ""name"": ""Documentary""}]"
1125,Crimson Tide 19,zh,A compelling story about adventure and discovery in a world of possibilities.,1997-05-16,1000000,2369520,91,Released,6.3,7193,98.853,"[{""id"": 1, ""name"": ""Sci-Fi""}]"
1126,Steel Thunder 97,en,A compelling story about adventure and discovery in a world of possibilities.,2020-11-23,1000000,3528246,99,Released,4.4,11271,73.418,"[{""id"": 1, ""name"": ""Action""}]"
1127,Steel Thunder 76,en,A compelling story about adventure and discovery in a world of possibilities.,1991-12-12,5000000,7476566,169,Post Production,3.7,9443,10.963,"[{""id"": 1, ""name"": ""Thriller""}]"
1128,Forest Tales 91,es,A compelling story about adventure and discovery in a world of possibilities.,2012-06-17,50000000,125752484,163,Post Production,7.4,1099,32.177,"[{""id"": 1, ""name"": ""Documentary""}]"
1129,Steel Thunder 57,en,A compelling story about adventure and discovery in a world of possibilities.,1992-04-26,15000000,26024402,125,Released,9.1,469,24.044,"[{""id"": 1, ""name"": ""Comedy""}, {""id"": 2, ""name"": ""Sci-Fi""}, {""id"": 3, ""name"": ""Drama""}]"
1130,Frozen Heart 62,en,A compelling story about adventure and discovery in a world of possibilities.,2016-02-24,5000000,6828163,109,In Production,6.1,10106,5.16,"[{""id"": 1, ""name"": ""Documentary""}]"
1131,The Great Escape 19,zh,A compelling story about adventure and discovery in a world of possibilities.,2008-09-20,200000000,644063827,93,In Production,3.8,2733,10.557,"[{""id"": 1, ""name"": ""Horror""}, {""id"": 2, ""name"": ""Animation""}]"
1132,Frozen Heart 2,es,A compelling story about adventure and discovery in a world of possibilities.,2003-09-04,0,9618395,165,Released,9.4,5384,8.818,"[{""id"": 1, ""name"": ""Comedy""}, {""id"": 2, ""name"": ""Thriller""}]"
1133,The Great Escape 61,en,A compelling story about adventure and discovery in a world of possibilities.,2009-05-03,15000000,56498385,114,Released,3.4,10729,57.605,"[{""id"": 1, ""name"": ""Thriller""}]"
1134,Spring Awakening 4,es,A compelling story about adventure and discovery in a world of possibilities.,2018-06-08,100000000,239265672,171,Released,4.5,14421,49.279,"[{""id"": 1, ""name"": ""Sci-Fi""}]"
1135,Ocean's Dream 6,en,A compelling story about adventure and discovery in a world of possibilities.,1995-06-25,0,3021372,87,Released,4.8,7626,45.596,"[{""id"": 1, ""name"": ""Sci-Fi""}, {""id"": 2, ""name"": ""Documentary""}]"
1136,Summer Rain 64,fr,A compelling story about adventure and discovery in a world of possibilities.,1997-11-20,1000000,1892645,133,In Production,4.8,5473,9.622,"[{""id"": 1, ""name"": ""Comedy""}]"
1137,The Last Horizon 40,en,A compelling story about adventure and discovery in a world of possibilities.,2000-03-11,1000000,1591238,155,Post Production,7.6,11541,67.786,"[{""id"": 1, ""name"": ""Horror""}]"
1138,Midnight Echo 68,en,A compelling story about adventure and discovery in a world of possibilities.,2019-07-17,15000000,52904588,115,Released,3.6,1784,42.476,"[{""id"": 1, ""name"": ""Animation""}]"
1139,Silent Storm 28,en,A compelling story about adventure and discovery in a world of possibilities.,2000-10-14,15000000,68886729,149,Released,7.8,1638,7.578,"[{""id"": 1, ""name"": ""Horror""}]"
1140,Crimson Tide 28,en,A compelling story about adventure and discovery in a world of possibilities.,2004-10-05,1000000,2925619,97,Released,7.4,8576,54.711,"[{""id"": 1, ""name"": ""Documentary""}, {""id"": 2, ""name"": ""Thriller""}]"
1141,Whispers in the Dark 33,fr,A compelling story about adventure and discovery in a world of possibilities.,2012-08-11,15000000,30667655,113,Released,5.8,3277,5.433,"[{""id"": 1, ""name"": ""Documentary""}, {""id"": 2, ""name"": ""Action""}]"
1142,Beyond the Stars 8,en,A compelling story about adventure and discovery in a world of possibilities.,2020-11-11,5000000,17412335,135,Released,6.6,1064,69.139,"[{""id"": 1, ""name"": ""Thriller""}]"
1143,Forest Tales 30,en,A compelling story about adventure and discovery in a world of possibilities.,2016-10-19,0,9910074,116,Released,5.4,11360,44.969,"[{""id"": 1, ""name"": ""Documentary""}]"
1144,Midnight Echo 86,en,A compelling story about adventure and discovery in a world of possibilities.,2011-04-05,1000000,2902443,166,Released,5.3,9579,26.674,"[{""id"": 1, ""name"": ""Romance""}, {""id"": 2, ""name"": ""Comedy""}]"
1145,Steel Thunder 13,es,A compelling story about adventure and discovery in a world of possibilities.,1993-03-01,15000000,14313367,90,Released,5.6,6426,73.723,"[{""id"": 1, ""name"": ""Comedy""}, {""id"": 2, ""name"": ""Documentary""}, {""id"": 3, ""name"": ""Drama""}]"
1146,Midnight Echo 11,en,A compelling story about adventure and discovery in a world of possibilities.,2017-05-17,50000000,228131560,126,Released,3.2,12031,79.26,"[{""id"": 1, ""name"": ""Horror""}, {""id"": 2, ""name"": ""Thriller""}]"
1147,Crimson Tide 55,en,A compelling story about adventure and discovery in a world of possibilities.,2008-10-16,0,3070771,154,Released,6.7,2464,39.268,"[{""id"": 1, ""name"": ""Drama""}]"
1148,Mountain Peak 35,en,A compelling story about adventure and discovery in a world of possibilities.,2017-03-15,50000000,149779303,152,Released,3.0,2394,84.85,"[{""id"": 1, ""name"": ""Thriller""}, {""id"": 2, ""name"": ""Horror""}, {""id"": 3, ""name"": ""Romance""}]"
1149,Shadow Walker 64,en,A compelling story about adventure and discovery in a world of possibilities.,2021-06-22,50000000,177745121,159,Released,8.2,3745,73.572,"[{""id"": 1, ""name"": ""Action""}, {""id"": 2, ""name"": ""Comedy""}, {""id"": 3, ""name"": ""Horror""}]"
1150,Forest Tales 37,en,A compelling story about adventure and discovery in a world of possibilities.,1996-03-01,5000000,16373298,87,Post Production,8.3,8402,76.845,"[{""id"": 1, ""name"": ""Sci-Fi""}, {""id"": 2, ""name"": ""Romance""}]"
1151,Mountain Peak 96,en,A compelling story about adventure and discovery in a world of possibilities.,2000-03-08,1000000,4098705,140,Released,6.4,5657,68.493,"[{""id"": 1, ""name"": ""Documentary""}, {""id"": 2, ""name"": ""Sci-Fi""}, {""id"": 3, ""name"": ""Drama""}]"
1152,Steel Thunder 8,en,A compelling story about adventure and discovery in a world of possibilities.,2002-08-15,1000000,4357983,134,Released,3.1,7408,48.167,"[{""id"": 1, ""name"": ""Action""}]"
1153,Shadow Walker 10,ko,A compelling story about adventure and discovery in a world of possibilities.,2014-06-17,50000000,218729365,133,Released,7.1,12155,24.951,"[{""id"": 1, ""name"": ""Comedy""}]"
1154,Autumn Leaves 98,de,A compelling story about adventure and discovery in a world of possibilities.,1997-02-12,15000000,24541323,155,Released,5.1,5096,19.715,"[{""id"": 1, ""name"": ""Comedy""}, {""id"": 2, ""name"": ""Documentary""}]"
1155,Desert Wind 65,en,A compelling story about adventure and discovery in a world of possibilities.,1995-05-12,50000000,89323485,88,Released,8.6,5581,79.104,"[{""id"": 1, ""name"": ""Sci-Fi""}]"
1156,Shadow Walker 47,en,A compelling story about adventure and discovery in a world of possibilities.,2012-10-01,100000000,426796890,100,Released,7.3,9130,28.566,"[{""id"": 1, ""name"": ""Sci-Fi""}, {""id"": 2, ""name"": ""Comedy""}, {""id"": 3, ""name"": ""Thriller""}]"
1157,Silent Storm 28,zh,A compelling story about adventure and discovery in a world of possibilities.,2001-05-10,1000000,2643282,178,Released,7.1,8428,37.612,"[{""id"": 1, ""name"": ""Comedy""}, {""id"": 2, ""name"": ""Documentary""}, {""id"": 3, ""name"": ""Drama""}]"
1158,Mountain Peak 34,en,A compelling story about adventure and discovery in a world of possibilities.,2000-06-24,15000000,60634961,87,Released,7.8,13349,97.485,"[{""id"": 1, ""name"": ""Thriller""}, {""id"": 2, ""name"": ""Drama""}, {""id"": 3, ""name"": ""Action""}]"
1159,Ocean's Dream 47,ko,A compelling story about adventure and discovery in a world of possibilities.,2002-09-17,1000000,2724550,125,Post Production,5.5,1825,83.988,"[{""id"": 1, ""name"": ""Comedy""}]"
1160,Crimson Tide 65,en,A compelling story about adventure and discovery in a world of possibilities.,2013-11-25,200000000,547890343,107,Released,6.4,2755,85.856,"[{""id"": 1, ""name"": ""Sci-Fi""}]"
1161,Desert Wind 77,ru,A compelling story about adventure and discovery in a world of possibilities.,1996-04-25,5000000,1531810,130,Released,6.6,6929,78.537,"[{""id"": 1, ""name"": ""Animation""}, {""id"": 2, ""name"": ""Drama""}]"
1162,Ocean's Dream 90,fr,A compelling story about adventure and discovery in a world of possibilities.,2018-02-02,15000000,57194830,88,Post Production,6.4,9181,54.904,"[{""id"": 1, ""name"": ""Comedy""}]"
1163,Mountain Peak 53,fr,A compelling story about adventure and discovery in a world of possibilities.,2015-09-10,5000000,7991577,147,Released,7.2,1082,94.792,"[{""id"": 1, ""name"": ""Sci-Fi""}, {""id"": 2, ""name"": ""Animation""}, {""id"": 3, ""name"": ""Adventure""}]"
1164,The Last Horizon 50,en,A compelling story about adventure and discovery in a world of possibilities.,1994-04-20,1000000,509449,177,Post Production,9.2,13879,8.548,"[{""id"": 1, ""name"": ""Drama""}, {""id"": 2, ""name"": ""Adventure""}]"
1165,The Last Horizon 81,ru,A compelling story about adventure and discovery in a world of possibilities.,2019-06-08,1000000,534901,156,Released,8.5,13989,66.252,"[{""id"": 1, ""name"": ""Horror""}, {""id"": 2, ""name"": ""Action""}]"
1166,Autumn Leaves 26,en,A compelling story about adventure and discovery in a world of possibilities.,2014-02-19,1000000,1305598,108,Released,5.3,1306,96.053,"[{""id"": 1, ""name"": ""Romance""}]"
1167,Ocean's Dream 9,ko,A compelling story about adventure and discovery in a world of possibilities.,2006-11-20,15000000,58899697,115,Post Production,5.5,4019,80.671,"[{""id"": 1, ""name"": ""Animation""}]"
1168,Midnight Echo 1,en,A compelling story about adventure and discovery in a world of possibilities.,1992-12-13,0,6284725,172,Released,7.1,2461,75.672,"[{""id"": 1, ""name"": ""Documentary""}]"
1169,Autumn Leaves 1,en,A compelling story about adventure and discovery in a world of possibilities.,2018-04-21,5000000,16930830,99,Released,3.2,12612,22.864,"[{""id"": 1, ""name"": ""Animation""}, {""id"": 2, ""name"": ""Horror""}, {""id"": 3, ""name"": ""Sci-Fi""}]"
1170,Spring Awakening 19,en,A compelling story about adventure and discovery in a world of possibilities.,1994-11-24,15000000,40927236,150,Released,8.8,12702,76.548,"[{""id"": 1, ""name"": ""Drama""}]"
1171,Whispers in the Dark 15,zh,A compelling story about adventure and discovery in a world of possibilities.,2008-07-14,1000000,634443,80,Released,3.6,11556,83.747,"[{""id"": 1, ""name"": ""Drama""}, {""id"": 2, ""name"": ""Animation""}, {""id"": 3, ""name"": ""Romance""}]"
1172,The Great Escape 57,fr,A compelling story about adventure and discovery in a world of possibilities.,2012-05-24,5000000,23378734,139,In Production,5.4,12098,97.335,"[{""id"": 1, ""name"": ""Romance""}]"
1173,Forest Tales 41,ko,A compelling story about adventure and discovery in a world of possibilities.,1993-12-12,1000000,3416321,166,Released,5.0,2759,81.985,"[{""id"": 1, ""name"": ""Action""}, {""id"": 2, ""name"": ""Comedy""}, {""id"": 3, ""name"": ""Adventure""}]"
1174,Shadow Walker 74,en,A compelling story about adventure and discovery in a world of possibilities.,2010-08-17,5000000,11240038,113,In Production,6.8,3732,63.215,"[{""id"": 1, ""name"": ""Sci-Fi""}, {""id"": 2, ""name"": ""Action""}, {""id"": 3, ""name"": ""Comedy""}]"
1175,Midnight Echo 15,de,A compelling story about adventure and discovery in a world of possibilities.,1990-09-19,5000000,23423734,149,Released,3.8,13699,73.169,"[{""id"": 1, ""name"": ""Sci-Fi""}, {""id"": 2, ""name"": ""Comedy""}]"
1176,Summer Rain 76,es,A compelling story about adventure and discovery in a world of possibilities.,1995-04-20,1000000,858709,134,Released,5.0,9699,17.14,"[{""id"": 1, ""name"": ""Thriller""}, {""id"": 2, ""name"": ""Animation""}]"
1177,The Last Horizon 49,fr,A compelling story about adventure and discovery in a world of possibilities.,1993-08-27,15000000,54286619,144,Post Production,7.7,399,12.731,"[{""id"": 1, ""name"": ""Thriller""}, {""id"": 2, ""name"": ""Romance""}]"
1178,Frozen Heart 7,en,A compelling story about adventure and discovery in a world of possibilities.,2012-02-24,50000000,132856133,146,Released,8.4,4700,63.171,"[{""id"": 1, ""name"": ""Animation""}, {""id"": 2, ""name"": ""Sci-Fi""}]"
1179,The Last Horizon 62,en,A compelling story about adventure and discovery in a world of possibilities.,1994-09-14,15000000,21922774,98,In Production,5.2,9675,21.335,"[{""id"": 1, ""name"": ""Romance""}]"
1180,Frozen Heart 90,en,A compelling story about adventure and discovery in a world of possibilities.,2009-08-18,100000000,459923624,153,Released,3.7,7747,12.217,"[{""id"": 1, ""name"": ""Animation""}, {""id"": 2, ""name"": ""Documentary""}, {""id"": 3, ""name"": ""Comedy""}]"
1181,Steel Thunder 80,es,A compelling story about adventure and discovery in a world of possibilities.,2001-07-27,15000000,40933690,103,Released,7.5,8355,60.76,"[{""id"": 1, ""name"": ""Thriller""}, {""id"": 2, ""name"": ""Romance""}]"
1182,Crimson Tide 79,fr,A compelling story about adventure and discovery in a world of possibilities.,2024-02-21,0,737090,152,Released,7.4,13042,53.05,"[{""id"": 1, ""name"": ""Thriller""}, {""id"": 2, ""name"": ""Comedy""}, {""id"": 3, ""name"": ""Animation""}]"
1183,Whispers in the Dark 98,en,A compelling story about adventure and discovery in a world of possibilities.,2011-03-16,0,7079701,107,Released,3.1,9293,93.69,"[{""id"": 1, ""name"": ""Documentary""}, {""id"": 2, ""name"": ""Thriller""}, {""id"": 3, ""name"": ""Sci-Fi""}]"
1184,Autumn Leaves 35,zh,A compelling story about adventure and discovery in a world of possibilities.,2021-06-16,15000000,39611847,164,Released,5.8,11544,81.908,"[{""id"": 1, ""name"": ""Romance""}]"
1185,Nightfall 47,en,A compelling story about adventure and discovery in a world of possibilities.,2009-08-07,1000000,4424109,176,Released,3.1,2356,25.508,"[{""id"": 1, ""name"": ""Sci-Fi""}, {""id"": 2, ""name"": ""Comedy""}, {""id"": 3, ""name"": ""Thriller""}]"
1186,Mountain Peak 46,en,A compelling story about adventure and discovery in a world of possibilities.,1999-02-06,5000000,13097273,144,Released,6.4,700,77.304,"[{""id"": 1, ""name"": ""Animation""}, {""id"": 2, ""name"": ""Sci-Fi""}, {""id"": 3, ""name"": ""Thriller""}]"
1187,Desert Wind 60,ko,A compelling story about adventure and discovery in a world of possibilities.,1998-02-24,50000000,111664774,119,Released,6.5,5748,93.692,"[{""id"": 1, ""name"": ""Animation""}]"
1188,City Lights 38,es,A compelling story about adventure and discovery in a world of possibilities.,1996-11-22,0,8686594,80,In Production,4.0,5113,52.126,"[{""id"": 1, ""name"": ""Horror""}, {""id"": 2, ""name"": ""Thriller""}]"
1189,Shadow Walker 23,en,A compelling story about adventure and discovery in a world of possibilities.,1993-05-01,5000000,7373988,140,Released,8.4,6306,82.984,"[{""id"": 1, ""name"": ""Animation""}]"
1190,Spring Awakening 35,en,A compelling story about adventure and discovery in a world of possibilities.,2005-01-17,1000000,2145834,120,In Production,8.2,96,83.953,"[{""id"": 1, ""name"": ""Drama""}, {""id"": 2, ""name"": ""Documentary""}]"
1191,Frozen Heart 85,de,A compelling story about adventure and discovery in a world of possibilities.,2002-04-15,15000000,34787405,85,Released,6.3,4767,54.596,"[{""id"": 1, ""name"": ""Comedy""}, {""id"": 2, ""name"": ""Horror""}, {""id"": 3, ""name"": ""Animation""}]"
1192,Spring Awakening 15,de,A compelling story about adventure and discovery in a world of possibilities.,2017-11-14,1000000,1445528,103,Released,6.6,3370,43.465,"[{""id"": 1, ""name"": ""Sci-Fi""}, {""id"": 2, ""name"": ""Adventure""}]"
1193,Mountain Peak 48,es,A compelling story about adventure and discovery in a world of possibilities.,2002-06-01,15000000,42041536,143,Post Production,5.2,2697,98.063,"[{""id"": 1, ""name"": ""Adventure""}, {""id"": 2, ""name"": ""Romance""}, {""id"": 3, ""name"": ""Horror""}]"
1194,Steel Thunder 79,zh,A compelling story about adventure and discovery in a world of possibilities.,1990-01-17,100000000,346425826,111,Released,4.6,14370,73.4,"[{""id"": 1, ""name"": ""Documentary""}]"
1195,Steel Thunder 11,en,A compelling story about adventure and discovery in a world of possibilities.,1996-03-19,100000000,444803142,109,Released,8.2,10684,28.807,"[{""id"": 1, ""name"": ""Thriller""}]"
1196,Shadow Walker 93,en,A compelling story about adventure and discovery in a world of possibilities.,2007-02-13,50000000,116865974,82,In Production,7.7,12337,7.803,"[{""id"": 1, ""name"": ""Comedy""}, {""id"": 2, ""name"": ""Sci-Fi""}]"
1197,Whispers in the Dark 8,en,A compelling story about adventure and discovery in a world of possibilities.,1998-12-02,50000000,143878503,137,Post Production,6.4,10055,80.497,"[{""id"": 1, ""name"": ""Action""}, {""id"": 2, ""name"": ""Documentary""}]"
1198,Steel Thunder 21,es,A compelling story about adventure and discovery in a world of possibilities.,2017-09-06,50000000,228433694,115,Released,6.8,9695,76.068,"[{""id"": 1, ""name"": ""Comedy""}, {""id"": 2, ""name"": ""Thriller""}]"
1199,Summer Rain 90,es,A compelling story about adventure and discovery in a world of possibilities.,2019-12-10,15000000,17748386,91,Released,8.3,12955,95.891,"[{""id"": 1, ""name"": ""Adventure""}, {""id"": 2, ""name"": ""Horror""}]"
