launch_id,mission_name,launch_date,year,rocket_id,site_id,customer_id,payload_type,payload_mass_kg,target_orbit,outcome,landing_outcome,recovery_attempted,turnaround_days,revenue_usd,analyst_email
SX-0001,Crew-88,2010-02-27,2010,F9-B1,SLC40,C001,Cargo (Dragon),6954,ISS,Success,N/A,False,,71124424,ops-team@spacex.com
SX-0002,Dragon-55,2010-11-24,2010,F9-B1,SLC40,C005,Satellite - Commercial,2416,GTO,Success,N/A,False,,76392398,ops-team@spacex.com
SX-0003,Iridium NEXT-57,2011-01-13,2011,F9-B1,SLC40,C001,Science Probe,7219,LEO,Failure,N/A,False,,68895371,ops-team@spacex.com
SX-0004,NROL-48,2011-05-21,2011,F9-B1,SLC40,C010,Satellite - Commercial,3221,MEO,Success,N/A,False,,69727758,ops-team@spacex.com
SX-0005,Arabsat-46,2012-03-12,2012,F9-B1,SLC40,C006,Satellite - Commercial,4987,GTO,Success,N/A,False,,59672066,ops-team@spacex.com
SX-0006,O3b-96,2012-04-24,2012,F9-B1,SLC40,C009,Satellite - Commercial,6586,GEO,Success,N/A,False,,58172940,ops-team@spacex.com
SX-0007,Transporter-53,2012-05-05,2012,F9-B1,SLC40,C001,Cargo (Dragon),2203,ISS,Failure,N/A,False,,75660348,ops-team@spacex.com
SX-0008,USSF-05,2013-02-22,2013,F9-B1,SLC40,C005,Satellite - Commercial,2885,GEO,Failure,N/A,False,,77182017,ops-team@spacex.com
SX-0009,Crew-52,2013-10-07,2013,F9-B1,SLC4E,C001,Cargo (Dragon),3864,TLI,Success,N/A,False,,62863072,ops-team@spacex.com
SX-0010,USSF-69,2013-12-13,2013,F9-B1,SLC4E,C005,Satellite - Commercial,5274,MEO,Success,N/A,False,,62941046,ops-team@spacex.com
SX-0011,SES-45,2014-01-16,2014,F9-B1,SLC4E,C001,Cargo (Dragon),4174,TLI,Success,N/A,False,,73670716,ops-team@spacex.com
SX-0012,Iridium NEXT-56,2014-01-17,2014,F9-B1,SLC40,C007,Cargo (Dragon),6723,LEO,Success,N/A,False,,54045664,ops-team@spacex.com
SX-0013,OneWeb-85,2014-02-14,2014,F9-B3,SLC4E,C006,Satellite - Commercial,4704,MEO,Success,N/A,False,84.0,61194470,ops-team@spacex.com
SX-0014,CRS-25,2014-02-17,2014,F9-B1,SLC4E,C005,Satellite - Commercial,4422,MEO,Success,N/A,False,,65352051,ops-team@spacex.com
SX-0015,Starlink-27,2014-08-05,2014,F9-B1,SLC4E,C006,Satellite - Commercial,2003,GEO,Success,N/A,False,,65606980,ops-team@spacex.com
SX-0016,Intelsat-95,2014-10-30,2014,F9-B3,SLC4E,C005,Satellite - Commercial,3750,MEO,Success,N/A,False,107.0,59824141,ops-team@spacex.com
SX-0017,Transporter-26,2015-01-14,2015,F9-B3,SLC40,C004,Satellite - Commercial,4542,GTO,Failure,Failure,True,96.0,45549571,N/A
SX-0018,Iridium NEXT-90,2015-04-12,2015,F9-B1,SLC40,C010,Satellite - Commercial,6715,GTO,Success,N/A,False,,64367418,ops-team@spacex.com
SX-0019,Crew-23,2015-04-22,2015,F9-B3,SLC40,C006,Satellite - Commercial,2873,GEO,Success,Success,True,377.0,56654049,ops-team@spacex.com
SX-0020,AsiaSat-72,2015-04-30,2015,F9-B1,SLC40,C006,Satellite - Commercial,5806,MEO,Success,N/A,False,,70077212,ops-team@spacex.com
SX-0021,Starlink-97,2015-09-16,2015,F9-B3,SLC4E,C010,Satellite - Commercial,5888,GEO,Failure,Failure,True,147.0,63896914,ops-team@spacex.com
SX-0022,Starlink-43,2015-10-15,2015,F9-B3,SLC40,C010,Satellite - Commercial,4340,GTO,Success,Success,True,184.0,65093103,ops-team@spacex.com
SX-0023,Crew-09,2015-11-05,2015,F9-B1,SLC40,C006,Satellite - Commercial,3251,MEO,Success,N/A,False,,65201433,ops-team@spacex.com
SX-0024,Arabsat-99,2016-04-22,2016,F9-B3,SLC4E,C010,Satellite - Commercial,5441,GEO,Success,Success,True,320.0,66286395,ops-team@spacex.com
SX-0025,USSF-54,2016-05-22,2016,F9-B3,SLC4E,C010,Satellite - Commercial,4446,GEO,Success,Failure,True,296.0,61819102,ops-team@spacex.com
SX-0026,Dragon-87,2016-08-02,2016,F9-B3,SLC40,C009,Satellite - Commercial,5185,GEO,Success,Failure,True,228.0,61294080,ops-team@spacex.com
SX-0027,Dragon-55,2016-08-17,2016,F9-B3,SLC40,C003,Satellite - Government,1722,MEO,Failure,Failure,True,90.0,64504155,ops-team@spacex.com
SX-0028,Starlink-97,2016-10-06,2016,F9-B3,SLC4E,C001,Cargo (Dragon),4677,ISS,Success,Success,True,236.0,50676109,ops-team@spacex.com
SX-0029,Dragon-09,2016-10-28,2016,F9-B3,SLC40,C009,Satellite - Commercial,4866,GTO,Success,Success,True,354.0,45905808,TBD
SX-0030,Intelsat-86,2016-11-28,2016,F9-B3,SLC40,C003,Satellite - Government,3454,MEO,Failure,Failure,True,79.0,57689315,ops-team@spacex.com
SX-0031,Iridium NEXT-15,2016-12-25,2016,F9-B3,SLC4E,C009,Satellite - Commercial,6974,MEO,Failure,Success,True,104.0,66706217,ops-team@spacex.com
SX-0032,Iridium NEXT-26,2017-01-04,2017,F9-B3,SLC40,C010,Satellite - Commercial,5074,GEO,Failure,Failure,True,59.0,58322201,ops-team@spacex.com
SX-0033,Transporter-06,2017-01-23,2017,F9-B4,SLC40,C003,Satellite - Government,2491,GTO,Success,Success,True,198.0,56986768,ops-team@spacex.com
SX-0034,GPS-56,2017-02-17,2017,F9-B4,SLC40,C006,Satellite - Commercial,5441,GEO,Success,Success,True,206.0,59300664,ops-team@spacex.com
SX-0035,Transporter-69,2017-02-19,2017,F9-B3,SLC40,C008,Satellite - Commercial,4212,MEO,Success,Failure,True,268.0,55459659,ops-team@spacex.com
SX-0036,Arabsat-58,2017-02-22,2017,F9-B4,SLC4E,C010,Satellite - Commercial,2709,GEO,Success,Success,True,145.0,61885716,ops-team@spacex.com
SX-0037,Intelsat-28,2017-03-21,2017,F9-B4,LC39A,C010,Satellite - Commercial,4662,GTO,Success,Success,True,202.0,62951228,ops-team@spacex.com
SX-0038,Crew-11,2030-11-01,2017,F9-B3,LC39A,C006,Satellite - Commercial,2083,MEO,Success,Success,True,144.0,61201679,ops-team@spacex.com
SX-0039,Transporter-03,2017-04-21,2017,F9-B3,SLC40,C010,Satellite - Commercial,6020,GEO,Success,Failure,True,68.0,51620300,ops-team@spacex.com
SX-0040,AsiaSat-45,2017-05-16,2017,F9-B3,SLC40,C008,Satellite - Commercial,5876,MEO,Success,Failure,True,238.0,67424207,ops-team@spacex.com
SX-0041,GPS-93,2017-05-23,2017,F9-B4,SLC4E,C006,Satellite - Commercial,4059,GTO,Success,Success,True,119.0,52099828,ops-team@spacex.com
SX-0042,Iridium NEXT-76,2017-06-22,2017,F9-B4,LC39A,C010,Satellite - Commercial,5966,GEO,Success,Success,True,289.0,58427791,ops-team@spacex.com
SX-0043,AsiaSat-17,2017-06-24,2017,F9-B3,SLC4E,C003,Satellite - Government,1615,GTO,Success,Success,True,161.0,46024103,ops-team@spacex.com
SX-0044,USSF-02,2017-06-26,2017,F9-B3,SLC4E,C010,Satellite - Commercial,6021,GTO,Success,Success,True,314.0,51397634,ops-team@spacex.com
SX-0045,USSF-09,2017-07-03,2017,F9-B3,SLC4E,C009,Satellite - Commercial,5913,GTO,Success,Success,True,226.0,56064297,ops-team@spacex.com
SX-0046,GPS-32,2017-07-14,2017,F9-B4,LC39A,C008,Satellite - Commercial,6610,GEO,Success,Success,True,81.0,57556643,ops-team@spacex.com
SX-0047,Intelsat-57,2017-08-05,2017,F9-B3,LC39A,C010,Satellite - Commercial,6280,GEO,Failure,Success,True,173.0,64353749,ops-team@spacex.com
SX-0048,Dragon-28,2017-11-06,2017,F9-B3,LC39A,C006,Satellite - Commercial,2812,GTO,Success,Failure,True,156.0,59859633,
SX-0049,Iridium NEXT-77,2017-12-24,2017,F9-B3,SLC40,C003,Satellite - Government,4846,SSO,Success,Success,True,261.0,51553334,ops-team@spacex.com
SX-0050,Transporter-81,2018-01-24,2018,F9-B5,LC39A,C006,Satellite - Commercial,3912,GEO,Success,Success,True,322.0,80234668,ops-team@spacex.com
SX-0051,GPS-08,2018-02-05,2018,F9-B5,SLC40,C009,Satellite - Commercial,4176,GTO,Success,Failure,True,105.0,84197751,ops-team@spacex.com
SX-0052,AsiaSat-70,2018-02-10,2018,F9-B5,SLC40,C009,Satellite - Commercial,5297,GEO,Success,Success,True,273.0,73498429,ops-team@spacex.com
SX-0053,USSF-74,2018-02-10,2018,F9-B4,LC39A,C009,Satellite - Commercial,3875,MEO,Success,Success,True,321.0,66392691,ops-team@spacex.com
SX-0054,Intelsat-36,2018-02-21,2018,F9-B5,SLC40,C010,Satellite - Commercial,6251,MEO,Success,Success,True,113.0,90357906,ops-team@spacex.com
SX-0055,OneWeb-86,2018-03-05,2018,FH-C,LC39A,C008,Satellite - Commercial,5345,GEO,Failure,Success,True,74.0,124740049,ops-team@spacex.com
SX-0056,Intelsat-12,2018-04-09,2018,F9-B5,LC39A,C009,Satellite - Commercial,6506,GTO,Success,Failure,True,182.0,67909825,ops-team@spacex.com
SX-0057,USSF-70,2018-04-27,2018,F9-B4,LC39A,C012,Satellite - Commercial,2009,MEO,Failure,Failure,True,257.0,54298070,ops-team@spacex.com
SX-0058,Crew-35,,2018,F9-B5,LC39A,C010,Satellite - Commercial,5621,GTO,,Success,True,302.0,64250048,ops-team@spacex.com
SX-0059,Iridium NEXT-21,2018-05-29,2018,F9-B5,LC39A,C009,Satellite - Commercial,6987,GTO,Success,Failure,True,180.0,76907796,ops-team@spacex.com
SX-0060,USSF-20,2018-05-31,2018,FH-C,LC39A,C001,Science Probe,5780,TLI,Failure,Failure,True,276.0,128010306,ops-team@spacex.com
SX-0061,Intelsat-71,2018-07-05,2018,F9-B5,LC39A,C010,Satellite - Commercial,5868,GTO,Success,Success,True,95.0,71865118,ops-team@spacex.com
SX-0062,Arabsat-65,2018-07-13,2018,F9-B5,SLC40,C012,Satellite - Commercial,5399,GEO,Success,Failure,True,157.0,85039566,ops-team@spacex.com
SX-0063,Intelsat-69,2018-08-24,2018,F9-B5,LC39A,C008,Satellite - Commercial,6011,GTO,Failure,Failure,True,268.0,70705486,ops-team@spacex.com
SX-0064,SES-30,2018-10-02,2018,FH-C,LC39A,C009,Satellite - Commercial,3956,MEO,Failure,Failure,True,231.0,89205204,ops-team@spacex.com
SX-0065,NROL-17,2018-10-10,2018,FH-C,LC39A,C008,Satellite - Commercial,3246,GEO,Success,Failure,True,278.0,129437684,ops-team@spacex.com
SX-0066,NROL-93,2018-10-23,2018,F9-B5,SLC40,C012,Satellite - Commercial,6308,GEO,Failure,Success,True,94.0,72660855,ops-team@spacex.com
SX-0067,GPS-43,2018-11-13,2018,F9-B5,LC39A,C001,Science Probe,7105,TLI,Success,Success,True,366.0,86209166,ops-team@spacex.com
SX-0068,Dragon-88,2018-11-18,2018,FH-C,LC39A,C006,Satellite - Commercial,2560,GTO,Failure,Success,True,168.0,130837641,ops-team@spacex.com
SX-0069,CRS-89,2018-12-05,2018,F9-B4,SLC40,C009,Satellite - Commercial,2823,GEO,Success,Failure,True,174.0,65327041,ops-team@spacex.com
SX-0070,AsiaSat-53,2018-12-27,2018,F9-B4,SLC40,C006,Satellite - Commercial,3192,GTO,Success,Success,True,310.0,60340508,ops-team@spacex.com
SX-0071,Arabsat-75,2019-03-25,2019,F9-B5,SLC4E,C003,Satellite - Government,3472,SSO,Success,Failure,True,94.0,67300481,ops-team@spacex.com
SX-0072,Dragon-70,2019-04-18,2019,F9-B5,LC39A,C015,Satellite - Commercial,5811,GEO,Success,Failure,True,101.0,62526936,ops-team@spacex.com
SX-0073,SES-62,,2019,F9-B5,LC39A,C009,Satellite - Commercial,4474,GTO,Success,Success,True,75.0,67451751,ops-team@spacex.com
SX-0074,NROL-73,,2019,F9-B5,LC39A,C009,Satellite - Commercial,5242,GEO,Success,Failure,True,372.0,83766095,ops-team@spacex.com
SX-0075,Dragon-25,2019-07-01,2019,F9-B5,LC39A,C015,Satellite - Commercial,4886,GTO,Success,Success,True,338.0,67856398,ops-team@spacex.com
SX-0076,OneWeb-94,2019-07-06,2019,F9-B5,SLC40,C002,Starlink Batch,16373,LEO,Success,Success,True,88.0,63017521,ops-team@spacex.com
SX-0077,AsiaSat-65,2019-07-09,2019,F9-B5,LC39A,C010,Satellite - Commercial,6418,GEO,Success,Success,True,160.0,85338749,ops-team@spacex.com
SX-0078,GPS-19,2019-07-14,2019,F9-B5,LC39A,C015,Satellite - Commercial,2943,GEO,Success,Success,True,136.0,86233238,ops-team@spacex.com
SX-0079,Intelsat-48,2019-08-21,2019,FH-C,LC39A,C010,Satellite - Commercial,6395,GTO,Success,Success,True,365.0,119994356,ops-team@spacex.com
SX-0080,Arabsat-72,2019-11-22,2019,F9-B5,LC39A,C012,Satellite - Commercial,2205,MEO,Success,Success,True,188.0,87894965,ops-team@spacex.com
SX-0081,GPS-18,2019-12-10,2019,F9-B5,LC39A,C002,Starlink Batch,15672,LEO,Failure,Success,True,44.0,88829785,ops-team@spacex.com
SX-0082,Intelsat-48,2019-12-16,2019,F9-B5,SLC40,C015,Satellite - Commercial,3111,GEO,Success,Failure,True,364.0,88923830,ops-team@spacex.com
SX-0083,NROL-89,2019-12-26,2019,FH-C,LC39A,C003,Satellite - Government,4843,SSO,Success,Failure,True,210.0,96783821,ops-team@spacex.com
SX-0084,Arabsat-83,2020-01-17,2020,F9-B5,LC39A,C002,Starlink Batch,16230,LEO,Success,Success,True,204.0,62125585,ops-team@spacex.com
SX-0085,Dragon-28,2020-01-29,2020,F9-B5,SLC40,C002,Starlink Batch,14375,LEO,Failure,Failure,True,349.0,79580711,ops-team@spacex.com
SX-0086,Crew-76,2020-02-03,2020,F9-B5,LC39A,C001,Cargo (Dragon),6625,TLI,Success,Success,True,131.0,84813547,ops-team@spacex.com
SX-0087,CRS-70,2020-02-06,2020,F9-B5,SLC4E,C006,Satellite - Commercial,4271,GTO,Success,Success,True,149.0,84375191,ops-team@spacex.com
SX-0088,CRS-34,2020-03-24,2020,F9-B5,SLC4E,C001,Science Probe,3949,LEO,Success,Failure,True,47.0,64121770,N/A
SX-0089,O3b-14,2020-03-28,2020,F9-B5,SLC40,C002,Starlink Batch,16102,LEO,Success,Failure,True,252.0,75490736,ops-team@spacex.com
SX-0090,SES-88,2020-04-18,2020,FH-C,LC39A,C001,Science Probe,2498,ISS,Success,Failure,True,76.0,108700235,ops-team@spacex.com
SX-0091,Starlink-80,2020-04-22,2020,F9-B5,SLC40,C002,Starlink Batch,14516,LEO,Success,Success,True,345.0,77948745,ops-team@spacex.com
SX-0092,GPS-84,2020-04-27,2020,F9-B5,LC39A,C013,Satellite - Government,2312,GTO,Success,Success,True,354.0,86762842,ops-team@spacex.com
SX-0093,USSF-59,2020-05-05,2020,FH-C,LC39A,C002,Starlink Batch,15388,LEO,Success,Success,True,225.0,105457948,ops-team@spacex.com
SX-0094,Arabsat-61,2020-05-17,2020,F9-B5,LC39A,C006,Satellite - Commercial,3250,MEO,Success,Success,True,55.0,63050427,ops-team@spacex.com
SX-0095,CRS-72,2020-05-18,2020,F9-B5,LC39A,C002,Starlink Batch,17325,LEO,Success,Failure,True,51.0,77981922,ops-team@spacex.com
SX-0096,NROL-37,2020-06-10,2020,FH-C,LC39A,C006,Satellite - Commercial,5464,MEO,Success,Failure,True,328.0,100938394,ops-team@spacex.com
SX-0097,OneWeb-72,2020-06-15,2020,F9-B5,SLC4E,C002,Starlink Batch,14443,LEO,Success,Success,True,209.0,63763792,ops-team@spacex.com
SX-0098,O3b-79,2020-07-13,2020,F9-B5,LC39A,C002,Starlink Batch,17352,LEO,Success,Failure,True,366.0,79677379,ops-team@spacex.com
SX-0099,OneWeb-01,2020-07-24,2020,F9-B5,SLC40,C003,Satellite - Government,4031,SSO,Success,Failure,True,113.0,86526360,TBD
SX-0100,Iridium NEXT-68,2020-08-24,2020,FH-C,LC39A,C013,Satellite - Government,1751,MEO,Success,Success,True,131.0,103720885,ops-team@spacex.com
SX-0101,GPS-07,2020-09-30,2020,F9-B5,SLC4E,C006,Satellite - Commercial,6649,MEO,Success,Failure,True,100.0,65045908,ops-team@spacex.com
SX-0102,Starlink-28,2020-10-12,2020,FH-C,LC39A,C001,Science Probe,5978,ISS,Success,Success,True,283.0,92268134,ops-team@spacex.com
SX-0103,Dragon-40,2020-10-17,2020,F9-B5,LC39A,C002,Starlink Batch,16158,LEO,Success,Success,True,44.0,66948630,ops-team@spacex.com
SX-0104,OneWeb-16,2020-11-07,2020,FH-C,LC39A,C001,Science Probe,3124,ISS,Success,Failure,True,24.0,109010869,ops-team@spacex.com
SX-0105,AsiaSat-86,2020-11-21,2020,F9-B5,SLC4E,C002,Starlink Batch,16049,LEO,Success,Failure,True,202.0,62473076,ops-team@spacex.com
SX-0106,SES-74,2020-11-23,2020,F9-B5,SLC40,C013,Satellite - Government,4064,GTO,Success,Success,True,228.0,81691393,ops-team@spacex.com
SX-0107,Intelsat-89,2020-11-27,2020,F9-B5,SLC40,C003,Satellite - Government,2907,GTO,Success,Failure,True,206.0,62957115,ops-team@spacex.com
SX-0108,USSF-40,2020-12-16,2020,F9-B5,LC39A,C002,Starlink Batch,15621,LEO,Success,Success,True,194.0,66980397,ops-team@spacex.com
SX-0109,OneWeb-45,2020-12-18,2020,F9-B5,SLC40,C002,Starlink Batch,17179,LEO,Success,Success,True,393.0,89190433,ops-team@spacex.com
SX-0110,CRS-98,2021-01-25,2021,F9-B5,SLC40,C002,Starlink Batch,16467,LEO,Success,Success,True,356.0,62571901,ops-team@spacex.com
SX-0111,OneWeb-20,2021-02-16,2021,F9-B5,LC39A,C015,Satellite - Commercial,4647,MEO,Success,Failure,True,246.0,62358830,ops-team@spacex.com
SX-0112,Starlink-60,2021-02-26,2021,F9-B5,LC39A,C002,Starlink Batch,14303,LEO,Success,Success,True,252.0,61433858,ops-team@spacex.com
SX-0113,O3b-77,2021-03-12,2021,F9-B5,SLC40,C002,Starlink Batch,14369,LEO,Success,Failure,True,280.0,71892146,ops-team@spacex.com
SX-0114,O3b-61,2021-03-13,2021,F9-B5,SLC40,C008,Satellite - Commercial,3542,GEO,Success,Failure,True,277.0,64848461,ops-team@spacex.com
SX-0115,Dragon-23,,2021,F9-B5,SLC40,C015,Satellite - Commercial,2690,MEO,Success,Failure,True,41.0,67769473,ops-team@spacex.com
SX-0116,Transporter-44,2021-03-20,2021,F9-B5,SLC4E,C015,Satellite - Commercial,5173,GEO,Success,Failure,True,368.0,78326258,ops-team@spacex.com
SX-0117,Starlink-93,2021-03-23,2021,F9-B5,LC39A,C002,Starlink Batch,15163,LEO,Success,Success,True,357.0,89376962,ops-team@spacex.com
SX-0118,OneWeb-40,2021-04-19,2021,F9-B5,LC39A,C002,Starlink Batch,17754,LEO,Success,Success,True,356.0,81359170,ops-team@spacex.com
SX-0119,OneWeb-17,2021-04-23,2021,F9-B5,SLC40,C002,Starlink Batch,17242,LEO,Success,Success,True,364.0,81490350,ops-team@spacex.com
SX-0120,CRS-28,2021-05-07,2021,F9-B5,LC39A,C002,Starlink Batch,15265,LEO,Success,Success,True,195.0,88872198,ops-team@spacex.com
SX-0121,USSF-13,2021-05-15,2021,F9-B5,SLC4E,C002,Starlink Batch,15211,LEO,Failure,Success,True,280.0,83541872,ops-team@spacex.com
SX-0122,CRS-89,2021-05-16,2021,F9-B5,LC39A,C001,Cargo (Dragon),6892,LEO,Success,Success,True,340.0,84692668,ops-team@spacex.com
SX-0123,O3b-37,2021-06-11,2021,F9-B5,SLC40,C015,Satellite - Commercial,3945,GEO,Success,Success,True,250.0,67355188,ops-team@spacex.com
SX-0124,O3b-57,2021-07-05,2021,F9-B5,LC39A,C002,Starlink Batch,16778,LEO,Failure,Success,True,257.0,83498572,ops-team@spacex.com
SX-0125,USSF-33,2021-07-22,2021,F9-B5,LC39A,C008,Satellite - Commercial,6953,GTO,Failure,Failure,True,47.0,79631547,ops-team@spacex.com
SX-0126,GPS-98,2021-07-24,2021,F9-B5,SLC40,C008,Satellite - Commercial,3021,GEO,Success,Success,True,103.0,68524657,ops-team@spacex.com
SX-0127,Intelsat-45,2021-08-05,2021,F9-B5,LC39A,C002,Starlink Batch,17345,LEO,Success,Failure,True,34.0,72809141,ops-team@spacex.com
SX-0128,NROL-41,2021-08-08,2021,F9-B5,LC39A,C008,Satellite - Commercial,5071,GTO,Success,Failure,True,71.0,85601165,ops-team@spacex.com
SX-0129,Iridium NEXT-18,2021-08-23,2021,F9-B5,SLC4E,C002,Starlink Batch,15935,LEO,Success,Failure,True,382.0,74443670,ops-team@spacex.com
SX-0130,O3b-68,2021-09-10,2021,F9-B5,SLC40,C001,Science Probe,3224,TLI,Success,Success,True,237.0,63652283,ops-team@spacex.com
SX-0131,Transporter-80,2021-09-13,2021,F9-B5,LC39A,C002,Starlink Batch,16617,LEO,Success,Success,True,255.0,62193635,ops-team@spacex.com
SX-0132,SES-01,2021-09-18,2021,F9-B5,SLC40,C008,Satellite - Commercial,3176,GEO,Success,Success,True,335.0,70937403,ops-team@spacex.com
SX-0133,AsiaSat-70,2021-10-03,2021,F9-B5,SLC4E,C013,Satellite - Government,4454,MEO,Success,Success,True,280.0,84010331,ops-team@spacex.com
SX-0134,Starlink-96,2021-10-15,2021,F9-B5,SLC40,C008,Satellite - Commercial,5169,GEO,Success,Success,True,29.0,71066380,ops-team@spacex.com
SX-0135,NROL-46,2021-10-26,2021,F9-B5,SLC4E,C003,Satellite - Government,4223,MEO,Success,Success,True,300.0,70507199,ops-team@spacex.com
SX-0136,Transporter-59,2021-10-27,2021,F9-B5,LC39A,C015,Satellite - Commercial,2516,MEO,Success,Failure,True,39.0,69147293,ops-team@spacex.com
SX-0137,USSF-70,2021-11-18,2021,F9-B5,SLC40,C002,Starlink Batch,15631,LEO,Success,Success,True,263.0,67937410,ops-team@spacex.com
SX-0138,OneWeb-35,2021-11-26,2021,F9-B5,LC39A,C002,Starlink Batch,16685,LEO,Success,Success,True,84.0,84400173,ops-team@spacex.com
SX-0139,Iridium NEXT-64,2021-12-02,2021,F9-B5,LC39A,C013,Satellite - Government,3030,SSO,Success,Success,True,209.0,88167960,ops-team@spacex.com
SX-0140,USSF-24,2021-12-15,2021,F9-B5,SLC40,C002,Starlink Batch,16467,LEO,Success,Success,True,300.0,69157057,TBD
SX-0141,Iridium NEXT-55,2022-01-01,2022,F9-B5,LC39A,C002,Starlink Batch,16468,LEO,Success,Success,True,106.0,81096408,ops-team@spacex.com
SX-0142,Dragon-08,2022-01-02,2022,F9-B5,SLC40,C013,Satellite - Government,5063,SSO,Success,Failure,True,59.0,80536194,ops-team@spacex.com
SX-0143,Dragon-57,2022-01-06,2022,F9-B5,SLC4E,C002,Starlink Batch,16488,LEO,Failure,Success,True,38.0,64105835,ops-team@spacex.com
SX-0144,CRS-87,2022-01-10,2022,F9-B5,LC39A,C012,Satellite - Commercial,2265,MEO,Success,Failure,True,251.0,88907029,ops-team@spacex.com
SX-0145,Dragon-36,2022-01-30,2022,F9-B5,SLC40,C013,Satellite - Government,4760,SSO,Success,Success,True,148.0,89259679,ops-team@spacex.com
SX-0146,Starlink-34,2022-02-02,2022,F9-B5,LC39A,C002,Starlink Batch,14482,LEO,Success,Failure,True,381.0,73755134,ops-team@spacex.com
SX-0147,Intelsat-23,2022-02-05,2022,F9-B5,LC39A,C002,Starlink Batch,14303,LEO,Success,Success,True,386.0,73720102,ops-team@spacex.com
SX-0148,Starlink-39,2022-02-10,2022,F9-B5,LC39A,C012,Satellite - Commercial,6505,MEO,Success,Success,True,101.0,81761044,ops-team@spacex.com
SX-0149,Transporter-18,2022-02-13,2022,FH-C,LC39A,C012,Satellite - Commercial,2994,GTO,Success,Success,True,142.0,121799784,ops-team@spacex.com
SX-0150,O3b-12,2022-02-24,2022,F9-B5,LC39A,C002,Starlink Batch,14531,LEO,Success,Failure,True,54.0,69625115,ops-team@spacex.com
SX-0151,OneWeb-83,2022-02-27,2022,FH-C,LC39A,C013,Satellite - Government,2104,MEO,Success,Success,True,58.0,106941386,ops-team@spacex.com
SX-0152,O3b-24,2022-02-27,2022,FH-C,LC39A,C015,Satellite - Commercial,6516,MEO,Success,Success,True,87.0,106183788,ops-team@spacex.com
SX-0153,Iridium NEXT-29,2022-02-28,2022,F9-B5,SLC4E,C002,Starlink Batch,17828,LEO,Success,Success,True,198.0,88866616,ops-team@spacex.com
SX-0154,Starlink-17,2022-03-06,2022,F9-B5,SLC40,C002,Starlink Batch,16256,LEO,Success,Success,True,341.0,69430161,ops-team@spacex.com
SX-0155,Dragon-80,2022-03-07,2022,F9-B5,SLC4E,C002,Starlink Batch,14701,LEO,Success,Success,True,389.0,87495326,ops-team@spacex.com
SX-0156,Transporter-74,2022-03-20,2022,F9-B5,SLC40,C008,Satellite - Commercial,2372,MEO,TBD,Success,True,156.0,79931568,ops-team@spacex.com
SX-0157,Starlink-62,2022-03-22,2022,F9-B5,SLC40,C003,Satellite - Government,3872,GTO,Success,Success,True,146.0,84561347,ops-team@spacex.com
SX-0158,SES-62,,2022,FH-C,LC39A,C003,Satellite - Government,2794,SSO,Success,Success,True,258.0,96205604,ops-team@spacex.com
SX-0159,OneWeb-52,2022-04-02,2022,F9-B5,LC39A,C002,Starlink Batch,17525,LEO,Success,Success,True,87.0,83234049,ops-team@spacex.com
SX-0160,Crew-19,2022-04-12,2022,F9-B5,SLC40,C015,Satellite - Commercial,4191,GEO,Success,Success,True,70.0,61825749,ops-team@spacex.com
SX-0161,Arabsat-74,2022-05-03,2022,F9-B5,LC39A,C008,Satellite - Commercial,3308,GEO,Success,Failure,True,390.0,69728354,ops-team@spacex.com
SX-0162,SES-65,2022-05-04,2022,F9-B5,LC39A,C013,Satellite - Government,1689,MEO,Success,Success,True,255.0,89445601,ops-team@spacex.com
SX-0163,Dragon-61,2022-05-09,2022,F9-B5,LC39A,C008,Satellite - Commercial,6894,MEO,Success,Success,True,167.0,76481226,ops-team@spacex.com
SX-0164,NROL-52,2022-05-15,2022,F9-B5,SLC4E,C003,Satellite - Government,4803,SSO,Success,Success,True,47.0,77493991,ops-team@spacex.com
SX-0165,AsiaSat-36,2022-05-17,2022,F9-B5,LC39A,C002,Starlink Batch,17130,LEO,Success,Success,True,340.0,80814018,ops-team@spacex.com
SX-0166,AsiaSat-47,2022-05-31,2022,F9-B5,SLC40,C002,Starlink Batch,15388,LEO,Success,Success,True,94.0,66301595,ops-team@spacex.com
SX-0167,AsiaSat-59,2022-06-02,2022,F9-B5,SLC40,C003,Satellite - Government,4228,SSO,Success,Success,True,97.0,78578754,ops-team@spacex.com
SX-0168,O3b-95,2022-06-07,2022,F9-B5,LC39A,C002,Starlink Batch,15609,LEO,Failure,Success,True,174.0,78200798,ops-team@spacex.com
SX-0169,OneWeb-87,2022-06-15,2022,F9-B5,LC39A,C015,Satellite - Commercial,2136,GEO,Success,Success,True,77.0,89843925,ops-team@spacex.com
SX-0170,Transporter-75,2022-06-24,2022,F9-B5,SLC40,C002,Starlink Batch,16685,LEO,Success,Success,True,316.0,67160428,ops-team@spacex.com
SX-0171,USSF-88,2022-07-05,2022,F9-B5,LC39A,C008,Satellite - Commercial,5114,GTO,Success,Success,True,145.0,61251850,ops-team@spacex.com
SX-0172,SES-89,2022-07-11,2022,FH-C,LC39A,C002,Starlink Batch,14620,LEO,Success,Success,True,125.0,105212973,ops-team@spacex.com
SX-0173,Intelsat-68,2022-07-15,2022,F9-B5,SLC40,C013,Satellite - Government,4162,GTO,Success,Success,True,213.0,69759640,ops-team@spacex.com
SX-0174,Intelsat-25,2022-07-17,2022,F9-B5,LC39A,C013,Satellite - Government,3665,GTO,Success,Success,True,147.0,68712042,ops-team@spacex.com
SX-0175,Iridium NEXT-63,2022-08-11,2022,F9-B5,LC39A,C002,Starlink Batch,16827,LEO,Success,Success,True,183.0,74766073,ops-team@spacex.com
SX-0176,Arabsat-51,2022-08-21,2022,F9-B5,LC39A,C002,Starlink Batch,15555,LEO,Success,Success,True,197.0,89081457,ops-team@spacex.com
SX-0177,Arabsat-57,2022-08-28,2022,F9-B5,SLC40,C002,Starlink Batch,15418,LEO,Success,Success,True,356.0,68031785,ops-team@spacex.com
SX-0178,Iridium NEXT-35,2022-09-01,2022,F9-B5,SLC4E,C002,Starlink Batch,16302,LEO,Success,Success,True,91.0,63593181,ops-team@spacex.com
SX-0179,Dragon-30,2022-09-06,2022,FH-C,LC39A,C008,Satellite - Commercial,6350,GTO,Success,Success,True,47.0,91673640,ops-team@spacex.com
SX-0180,Dragon-61,2022-09-08,2022,F9-B5,SLC40,C013,Satellite - Government,2793,SSO,Success,Success,True,265.0,79913741,ops-team@spacex.com
SX-0181,Dragon-74,2022-09-14,2022,F9-B5,LC39A,C002,Starlink Batch,14366,LEO,Success,Failure,True,139.0,76434841,ops-team@spacex.com
SX-0182,Transporter-64,2022-09-17,2022,FH-C,LC39A,C001,Science Probe,2297,ISS,Success,Success,True,116.0,128182971,ops-team@spacex.com
SX-0183,AsiaSat-68,2022-09-17,2022,F9-B5,SLC40,C001,Cargo (Dragon),4744,TLI,Success,Success,True,273.0,87111187,ops-team@spacex.com
SX-0184,Iridium NEXT-59,2022-09-28,2022,F9-B5,LC39A,C015,Satellite - Commercial,4708,GTO,Success,Success,True,352.0,68056536,ops-team@spacex.com
SX-0185,Arabsat-52,2022-09-29,2022,F9-B5,LC39A,C001,Cargo (Dragon),3582,TLI,Success,Success,True,239.0,75835711,ops-team@spacex.com
SX-0186,NROL-34,2022-09-30,2022,F9-B5,SLC40,C003,Satellite - Government,4150,MEO,Success,Success,True,217.0,67400965,ops-team@spacex.com
SX-0187,Dragon-47,2022-10-02,2022,F9-B5,LC39A,C002,Starlink Batch,15071,LEO,Success,Success,True,375.0,67424522,ops-team@spacex.com
SX-0188,Arabsat-91,2022-10-04,2022,FH-C,LC39A,C002,Starlink Batch,16058,LEO,Success,Success,True,180.0,117431174,ops-team@spacex.com
SX-0189,Intelsat-20,2022-10-09,2022,FH-C,LC39A,C002,Starlink Batch,14547,LEO,Success,Success,True,253.0,119938625,N/A
SX-0190,AsiaSat-86,2022-10-11,2022,F9-B5,LC39A,C002,Starlink Batch,17102,LEO,Success,Failure,True,132.0,83270067,ops-team@spacex.com
SX-0191,Arabsat-73,2022-10-18,2022,FH-C,LC39A,C008,Satellite - Commercial,4963,GTO,Success,Success,True,78.0,89995738,ops-team@spacex.com
SX-0192,Intelsat-15,2022-11-02,2022,F9-B5,SLC4E,C015,Satellite - Commercial,4687,MEO,Success,Success,True,369.0,66492854,ops-team@spacex.com
SX-0193,CRS-66,2022-11-02,2022,F9-B5,SLC40,C013,Satellite - Government,1955,SSO,Success,Success,True,233.0,74072474,ops-team@spacex.com
SX-0194,Starlink-01,2022-11-03,2022,F9-B5,LC39A,C015,Satellite - Commercial,2178,GEO,Success,Success,True,132.0,77736084,ops-team@spacex.com
SX-0195,Arabsat-61,2022-11-08,2022,F9-B5,LC39A,C003,Satellite - Government,1993,MEO,Success,Success,True,37.0,68955784,ops-team@spacex.com
SX-0196,USSF-49,2022-11-17,2022,F9-B5,LC39A,C002,Starlink Batch,15837,LEO,Success,Failure,True,213.0,62719537,ops-team@spacex.com
SX-0197,SES-68,2022-11-24,2022,FH-C,LC39A,C015,Satellite - Commercial,3462,MEO,Success,Success,True,86.0,119071007,ops-team@spacex.com
SX-0198,SES-30,2022-11-25,2022,F9-B5,SLC40,C001,Science Probe,7890,TLI,Failure,Success,True,147.0,74187852,ops-team@spacex.com
SX-0199,NROL-85,2022-12-04,2022,F9-B5,SLC4E,C002,Starlink Batch,14462,LEO,Failure,Success,True,235.0,78839934,ops-team@spacex.com
SX-0200,O3b-87,2022-12-15,2022,F9-B5,SLC4E,C002,Starlink Batch,15828,LEO,Success,Success,True,381.0,86597204,ops-team@spacex.com
SX-0201,Crew-94,2022-12-16,2022,F9-B5,LC39A,C001,Cargo (Dragon),2462,ISS,Success,Success,True,315.0,69914946,ops-team@spacex.com
SX-0202,SES-39,2023-01-04,2023,F9-B5,LC39A,C012,Satellite - Commercial,6270,GTO,Success,Success,True,161.0,62137872,ops-team@spacex.com
SX-0203,Dragon-86,2023-01-08,2023,F9-B5,LC39A,C002,Starlink Batch,15410,LEO,Success,Success,True,216.0,83992008,ops-team@spacex.com
SX-0204,AsiaSat-61,2023-01-11,2023,F9-B5,LC39A,C002,Starlink Batch,17090,LEO,Success,Success,True,144.0,85907629,ops-team@spacex.com
SX-0205,SES-72,2023-01-17,2023,F9-B5,LC39A,C002,Starlink Batch,17964,LEO,Success,Success,True,292.0,64342896,ops-team@spacex.com
SX-0206,USSF-48,2023-01-26,2023,F9-B5,SLC4E,C002,Starlink Batch,15842,LEO,Success,Success,True,68.0,76449411,ops-team@spacex.com
SX-0207,NROL-10,2023-01-28,2023,SS-T,BC,C002,Starlink Batch,16469,LEO,Success,Success,True,117.0,12620927,ops-team@spacex.com
SX-0208,Arabsat-02,1998-07-22,2023,SS-T,BC,C012,Satellite - Commercial,4727,GEO,Success,Success,True,129.0,13217218,ops-team@spacex.com
SX-0209,Crew-51,2023-02-01,2023,F9-B5,LC39A,C002,Starlink Batch,16882,LEO,Success,Success,True,143.0,76945190,ops-team@spacex.com
SX-0210,Starlink-47,2023-02-02,2023,SS-T,BC,C002,Starlink Batch,15263,LEO,Success,Success,True,283.0,12972653,ops-team@spacex.com
SX-0211,OneWeb-41,2023-02-04,2023,F9-B5,LC39A,C002,Starlink Batch,14832,LEO,Success,Success,True,232.0,61678320,TBD
SX-0212,O3b-93,2023-02-06,2023,SS-T,BC,C002,Starlink Batch,16392,LEO,Success,Success,True,234.0,10328365,ops-team@spacex.com
SX-0213,AsiaSat-84,2023-02-06,2023,F9-B5,SLC4E,C002,Starlink Batch,16045,LEO,Success,Success,True,371.0,70477563,ops-team@spacex.com
SX-0214,CRS-93,2023-02-08,2023,SS-T,BC,C003,Satellite - Government,4385,MEO,Success,Success,True,300.0,11197423,ops-team@spacex.com
SX-0215,NROL-98,2023-02-17,2023,F9-B5,SLC40,C012,Satellite - Commercial,2608,MEO,Success,Success,True,24.0,72733625,ops-team@spacex.com
SX-0216,Intelsat-48,2023-02-18,2023,SS-T,BC,C012,Satellite - Commercial,-1200,MEO,Success,Success,True,51.0,11780258,ops-team@spacex.com
SX-0217,SES-02,2023-02-19,2023,F9-B5,LC39A,C015,Satellite - Commercial,6359,MEO,Success,Success,True,29.0,76261942,ops-team@spacex.com
SX-0218,GPS-13,2023-02-20,2023,F9-B5,LC39A,C013,Satellite - Government,5027,MEO,Success,Success,True,289.0,64789259,ops-team@spacex.com
SX-0219,OneWeb-52,2023-02-20,2023,SS-T,BC,C015,Satellite - Commercial,5251,GTO,Success,Success,True,256.0,11542509,ops-team@spacex.com
SX-0220,USSF-84,2023-02-25,2023,F9-B5,LC39A,C002,Starlink Batch,16677,LEO,Success,Success,True,37.0,63119040,ops-team@spacex.com
SX-0221,CRS-11,2023-03-03,2023,SS-T,BC,C002,Starlink Batch,16878,LEO,Success,Success,True,276.0,12803984,ops-team@spacex.com
SX-0222,AsiaSat-06,2023-03-09,2023,SS-T,BC,C002,Starlink Batch,17665,LEO,Failure,Failure,True,138.0,9951376,ops-team@spacex.com
SX-0223,O3b-85,2023-03-13,2023,SS-T,BC,C015,Satellite - Commercial,4296,MEO,Success,Success,True,37.0,9807095,ops-team@spacex.com
SX-0224,USSF-92,2023-03-26,2023,SS-T,BC,C002,Starlink Batch,17081,LEO,Failure,Success,True,224.0,13179937,ops-team@spacex.com
SX-0225,Dragon-70,2023-03-27,2023,SS-T,BC,C002,Starlink Batch,15593,LEO,Success,Success,True,190.0,10727307,ops-team@spacex.com
SX-0226,GPS-56,2023-04-04,2023,F9-B5,SLC40,C002,Starlink Batch,14219,LEO,Success,Failure,True,139.0,85586040,ops-team@spacex.com
SX-0227,Dragon-35,2023-04-08,2023,SS-T,BC,C015,Satellite - Commercial,4673,GTO,Failure,Success,True,251.0,11207715,ops-team@spacex.com
SX-0228,Transporter-80,2023-04-08,2023,F9-B5,LC39A,C013,Satellite - Government,4613,MEO,Success,Success,True,172.0,84361363,ops-team@spacex.com
SX-0229,Dragon-20,2023-04-09,2023,F9-B5,SLC40,C002,Starlink Batch,17210,LEO,Success,Success,True,399.0,72047102,ops-team@spacex.com
SX-0230,Transporter-35,2023-04-13,2023,F9-B5,SLC40,C002,Starlink Batch,15474,LEO,Success,Success,True,73.0,64295086,ops-team@spacex.com
SX-0231,NROL-12,2023-04-19,2023,F9-B5,LC39A,C002,Starlink Batch,14423,LEO,Success,Success,True,202.0,77009727,ops-team@spacex.com
SX-0232,Transporter-11,2023-04-20,2023,F9-B5,LC39A,C015,Satellite - Commercial,5389,GEO,Success,Success,True,392.0,87469251,ops-team@spacex.com
SX-0233,Starlink-35,2023-04-20,2023,SS-T,BC,C015,Satellite - Commercial,3137,GEO,Success,Success,True,273.0,9656706,ops-team@spacex.com
SX-0234,OneWeb-33,2023-04-23,2023,F9-B5,LC39A,C002,Starlink Batch,14315,LEO,Success,Success,True,147.0,82035118,ops-team@spacex.com
SX-0235,SES-43,2023-04-26,2023,SS-T,BC,C015,Satellite - Commercial,4495,GTO,Success,Success,True,338.0,10709504,ops-team@spacex.com
SX-0236,Dragon-77,2023-04-28,2023,SS-T,BC,C002,Starlink Batch,17520,LEO,Success,Success,True,90.0,10351958,ops-team@spacex.com
SX-0237,OneWeb-38,2023-04-28,2023,F9-B5,LC39A,C002,Starlink Batch,17967,LEO,Success,Failure,True,397.0,81252976,ops-team@spacex.com
SX-0238,GPS-73,,2023,F9-B5,SLC4E,C015,Satellite - Commercial,5218,GEO,Success,Success,True,123.0,78155645,ops-team@spacex.com
SX-0239,Iridium NEXT-27,2023-05-02,2023,SS-T,BC,C002,Starlink Batch,17862,LEO,Success,Success,True,245.0,12589584,ops-team@spacex.com
SX-0240,Crew-33,2023-05-05,2023,SS-T,BC,C002,Starlink Batch,15240,LEO,Success,Success,True,358.0,9693644,ops-team@spacex.com
SX-0241,SES-69,2023-05-07,2023,F9-B5,SLC40,C002,Starlink Batch,16384,LEO,Success,Success,True,280.0,88143396,ops-team@spacex.com
SX-0242,Arabsat-69,2023-05-08,2023,SS-T,BC,C002,Starlink Batch,16873,LEO,Success,Failure,True,325.0,11871811,ops-team@spacex.com
SX-0243,O3b-06,2023-05-08,2023,F9-B5,SLC4E,C002,Starlink Batch,16650,LEO,Success,Success,True,309.0,89955787,ops-team@spacex.com
SX-0244,NROL-13,2023-05-16,2023,F9-B5,LC39A,C012,Satellite - Commercial,5526,GTO,Failure,Success,True,153.0,66993332,ops-team@spacex.com
SX-0245,SES-60,2023-05-23,2023,SS-T,BC,C013,Satellite - Government,5151,SSO,Success,Success,True,368.0,11648654,ops-team@spacex.com
SX-0246,SES-11,2023-05-23,2023,F9-B5,LC39A,C002,Starlink Batch,15210,LEO,Failure,Success,True,80.0,85364230,ops-team@spacex.com
SX-0247,AsiaSat-62,2023-06-09,2023,F9-B5,LC39A,C002,Starlink Batch,14847,LEO,Success,Success,True,199.0,74656300,ops-team@spacex.com
SX-0248,USSF-44,2023-06-19,2023,F9-B5,LC39A,C003,Satellite - Government,2442,MEO,FAILED,Success,True,352.0,63597284,ops-team@spacex.com
SX-0249,AsiaSat-55,2023-06-23,2023,SS-T,BC,C002,Starlink Batch,15355,LEO,Success,Success,True,257.0,10043349,ops-team@spacex.com
SX-0250,Iridium NEXT-79,2023-06-23,2023,F9-B5,SLC4E,C012,Satellite - Commercial,5240,GTO,Success,Success,True,122.0,73854686,ops-team@spacex.com
SX-0251,Iridium NEXT-09,2023-07-01,2023,F9-B5,SLC40,C002,Starlink Batch,17081,LEO,Success,Success,True,316.0,63367824,ops-team@spacex.com
SX-0252,Dragon-63,2023-07-11,2023,SS-T,BC,C013,Satellite - Government,-500,SSO,Success,Success,True,291.0,13346623,ops-team@spacex.com
SX-0253,USSF-59,2023-07-24,2023,F9-B5,LC39A,C015,Satellite - Commercial,4850,GEO,Success,Success,True,337.0,65501704,ops-team@spacex.com
SX-0254,GPS-31,2023-07-26,2023,SS-T,BC,C002,Starlink Batch,15282,LEO,Success,Success,True,177.0,9526270,ops-team@spacex.com
SX-0255,SES-55,2023-07-28,2023,SS-T,BC,C002,Starlink Batch,16354,LEO,Success,Success,True,116.0,11190015,ops-team@spacex.com
SX-0256,OneWeb-58,2023-07-28,2023,F9-B5,SLC4E,C012,Satellite - Commercial,3149,GTO,Success,Success,True,338.0,61916379,ops-team@spacex.com
SX-0257,SES-88,2023-07-30,2023,F9-B5,LC39A,C001,Science Probe,6600,ISS,Success,Success,True,272.0,72831257,ops-team@spacex.com
SX-0258,NROL-36,2023-08-05,2023,SS-T,BC,C003,Satellite - Government,3306,SSO,Success,Success,True,136.0,11419238,ops-team@spacex.com
SX-0259,O3b-15,2023-08-05,2023,SS-T,BC,C003,Satellite - Government,5684,MEO,Success,Success,True,158.0,12488008,ops-team@spacex.com
SX-0260,Intelsat-70,2023-08-05,2023,SS-T,BC,C002,Starlink Batch,16944,LEO,Success,Success,True,132.0,13453990,ops-team@spacex.com
SX-0261,OneWeb-12,2023-08-09,2023,F9-B5,SLC4E,C012,Satellite - Commercial,5684,GEO,Partial Success,Failure,True,245.0,86388507,ops-team@spacex.com
SX-0262,USSF-91,2023-08-13,2023,F9-B5,SLC4E,C002,Starlink Batch,15436,LEO,Success,Success,True,333.0,79378034,ops-team@spacex.com
SX-0263,OneWeb-69,2023-08-15,2023,F9-B5,SLC4E,C015,Satellite - Commercial,2486,MEO,Success,Success,True,164.0,78295259,ops-team@spacex.com
SX-0264,AsiaSat-87,2023-08-18,2023,F9-B5,LC39A,C002,Starlink Batch,17514,LEO,Success,Success,True,69.0,64388005,ops-team@spacex.com
SX-0265,Iridium NEXT-17,2023-08-20,2023,SS-T,BC,C002,Starlink Batch,14519,LEO,Failure,Success,True,148.0,9658095,ops-team@spacex.com
SX-0266,Dragon-54,2023-08-25,2023,F9-B5,LC39A,C002,Starlink Batch,15100,LEO,Success,Success,True,213.0,73927550,
SX-0267,Arabsat-48,2023-08-28,2023,F9-B5,LC39A,C002,Starlink Batch,17835,LEO,Success,Success,True,253.0,88950160,ops-team@spacex.com
SX-0268,Intelsat-82,2023-08-31,2023,F9-B5,SLC40,C015,Satellite - Commercial,2763,MEO,Success,Success,True,361.0,81323262,
SX-0269,Crew-64,2023-08-31,2023,SS-T,BC,C002,Starlink Batch,17378,LEO,Success,Failure,True,158.0,10452893,ops-team@spacex.com
SX-0270,Transporter-44,2023-09-04,2023,SS-T,BC,C002,Starlink Batch,15987,LEO,Success,Success,True,370.0,12430143,ops-team@spacex.com
SX-0271,Intelsat-59,2023-09-06,2023,F9-B5,LC39A,C002,Starlink Batch,14647,LEO,Success,Success,True,21.0,90203922,ops-team@spacex.com
SX-0272,Arabsat-36,2023-09-06,2023,F9-B5,SLC4E,C002,Starlink Batch,17581,LEO,Success,Success,True,68.0,80035827,ops-team@spacex.com
SX-0273,SES-81,2023-09-21,2023,F9-B5,LC39A,C002,Starlink Batch,14212,LEO,Success,Success,True,177.0,82188549,ops-team@spacex.com
SX-0274,Crew-62,2023-09-22,2023,SS-T,BC,C002,Starlink Batch,14004,LEO,Success,Success,True,60.0,9597149,ops-team@spacex.com
SX-0275,Iridium NEXT-17,2023-09-28,2023,F9-B5,LC39A,C013,Satellite - Government,2487,SSO,Success,Success,True,265.0,62435473,ops-team@spacex.com
SX-0276,CRS-49,2023-10-02,2023,F9-B5,SLC40,C002,Starlink Batch,15225,LEO,Success,Success,True,89.0,79643520,ops-team@spacex.com
SX-0277,CRS-57,2023-10-04,2023,F9-B5,SLC40,C002,Starlink Batch,16662,LEO,Success,Success,True,200.0,82081325,ops-team@spacex.com
SX-0278,GPS-13,2023-10-04,2023,F9-B5,LC39A,C002,Starlink Batch,14889,LEO,Success,Success,True,92.0,82986236,ops-team@spacex.com
SX-0279,Crew-36,,2023,F9-B5,LC39A,C002,Starlink Batch,14572,LEO,Failure,Success,True,351.0,62840098,ops-team@spacex.com
SX-0280,Arabsat-39,2023-10-09,2023,SS-T,BC,C015,Satellite - Commercial,2219,MEO,Success,Success,True,126.0,11329871,ops-team@spacex.com
SX-0281,Transporter-31,2023-10-11,2023,F9-B5,LC39A,C002,Starlink Batch,17677,LEO,Success,Success,True,274.0,71934450,ops-team@spacex.com
SX-0282,Arabsat-41,2023-10-20,2023,SS-T,BC,C003,Satellite - Government,1598,SSO,Success,Success,True,88.0,10740772,ops-team@spacex.com
SX-0283,NROL-76,2023-10-23,2023,SS-T,BC,C015,Satellite - Commercial,5858,GTO,Success,Success,True,55.0,9062070,ops-team@spacex.com
SX-0284,Transporter-54,2023-10-29,2023,F9-B5,SLC40,C001,Science Probe,4346,TLI,Success,Success,True,237.0,81459590,ops-team@spacex.com
SX-0285,GPS-66,2023-10-29,2023,SS-T,BC,C012,Satellite - Commercial,2684,GEO,Success,Success,True,125.0,13384410,ops-team@spacex.com
SX-0286,Iridium NEXT-56,2023-11-07,2023,F9-B5,LC39A,C013,Satellite - Government,2041,SSO,Success,Success,True,394.0,89045853,ops-team@spacex.com
SX-0287,Starlink-86,2023-11-20,2023,F9-B5,SLC4E,C001,Science Probe,5714,LEO,Success,Success,True,400.0,80140278,ops-team@spacex.com
SX-0288,Intelsat-45,2023-11-27,2023,F9-B5,SLC40,C002,Starlink Batch,14671,LEO,Success,Success,True,288.0,75894268,ops-team@spacex.com
SX-0289,Starlink-94,2023-11-29,2023,SS-T,BC,C002,Starlink Batch,17577,LEO,Success,Success,True,81.0,12471436,ops-team@spacex.com
SX-0290,O3b-81,2023-11-30,2023,F9-B5,LC39A,C002,Starlink Batch,16917,LEO,Success,Success,True,60.0,75258849,ops-team@spacex.com
SX-0291,CRS-33,2023-12-01,2023,F9-B5,SLC40,C002,Starlink Batch,15506,LEO,Success,Success,True,73.0,87262192,ops-team@spacex.com
SX-0292,USSF-02,2023-12-04,2023,F9-B5,SLC4E,C002,Starlink Batch,17517,LEO,Success,Success,True,146.0,61686343,ops-team@spacex.com
SX-0293,AsiaSat-92,2023-12-09,2023,F9-B5,SLC4E,C002,Starlink Batch,14144,LEO,Success,Failure,True,400.0,80069454,ops-team@spacex.com
SX-0294,USSF-10,2023-12-10,2023,F9-B5,SLC4E,C002,Starlink Batch,15111,LEO,Success,Success,True,313.0,71540166,ops-team@spacex.com
SX-0295,GPS-60,2023-12-11,2023,F9-B5,SLC40,C012,Satellite - Commercial,2376,GEO,Success,Success,True,165.0,83621853,ops-team@spacex.com
SX-0296,Starlink-73,2023-12-20,2023,F9-B5,SLC40,C002,Starlink Batch,14821,LEO,Success,Success,True,176.0,82598216,ops-team@spacex.com
SX-0297,Arabsat-70,2023-12-29,2023,F9-B5,LC39A,C003,Satellite - Government,3100,GTO,Success,Success,True,146.0,64839576,ops-team@spacex.com
SX-0298,NROL-98,2024-01-02,2024,FH-C,LC39A,C001,Science Probe,7680,ISS,Success,Success,True,357.0,103724396,ops-team@spacex.com
SX-0299,NROL-19,2024-01-05,2024,F9-B5,SLC4E,C002,Starlink Batch,16015,LEO,Success,Success,True,385.0,68736731,ops-team@spacex.com
SX-0300,Iridium NEXT-11,2024-01-05,2024,SS-T,BC,C002,Starlink Batch,15877,LEO,Success,Success,True,318.0,9430096,ops-team@spacex.com
SX-0301,CRS-31,2024-01-21,2024,F9-B5,LC39A,C008,Satellite - Commercial,5563,MEO,Success,Success,True,170.0,68168876,ops-team@spacex.com
SX-0302,Crew-18,2024-01-26,2024,F9-B5,LC39A,C002,Starlink Batch,14305,LEO,Success,Success,True,320.0,63585530,ops-team@spacex.com
SX-0303,OneWeb-99,2024-01-30,2024,F9-B5,LC39A,C002,Starlink Batch,16195,LEO,Success,Success,True,127.0,73925299,ops-team@spacex.com
SX-0304,USSF-91,2024-01-30,2024,SS-T,BC,C002,Starlink Batch,15246,LEO,Success,Success,True,377.0,11714861,ops-team@spacex.com
SX-0305,SES-66,2024-01-30,2024,F9-B5,SLC4E,C002,Starlink Batch,15457,LEO,Success,Success,True,46.0,80717078,ops-team@spacex.com
SX-0306,Iridium NEXT-71,2024-01-31,2024,F9-B5,SLC40,C002,Starlink Batch,16277,LEO,Failure,Success,True,148.0,63155967,ops-team@spacex.com
SX-0307,CRS-26,2024-02-01,2024,F9-B5,SLC40,C002,Starlink Batch,14910,LEO,Success,Success,True,226.0,71523028,ops-team@spacex.com
SX-0308,Crew-83,2024-02-04,2024,SS-T,BC,C015,Satellite - Commercial,2178,GTO,Success,Success,True,248.0,12641843,ops-team@spacex.com
SX-0309,Arabsat-74,2024-02-05,2024,F9-B5,SLC40,C002,Starlink Batch,14688,LEO,Success,Success,True,242.0,85073814,ops-team@spacex.com
SX-0310,Arabsat-24,2024-02-05,2024,FH-C,LC39A,C003,Satellite - Government,4399,MEO,Success,Success,True,161.0,99515651,ops-team@spacex.com
SX-0311,Intelsat-08,2024-02-07,2024,SS-T,BC,C001,Science Probe,4417,TLI,Success,Success,True,65.0,10258991,ops-team@spacex.com
SX-0312,Dragon-70,2024-02-07,2024,F9-B5,SLC4E,C002,Starlink Batch,15020,LEO,Success,Success,True,30.0,90130519,ops-team@spacex.com
SX-0313,SES-35,2024-02-11,2024,SS-T,BC,C003,Satellite - Government,5615,SSO,Success,Success,True,113.0,9117283,ops-team@spacex.com
SX-0314,Crew-21,2024-02-11,2024,F9-B5,LC39A,C001,Cargo (Dragon),6337,TLI,Success,Failure,True,72.0,67772890,ops-team@spacex.com
SX-0315,Transporter-29,2024-02-21,2024,SS-T,BC,C002,Starlink Batch,14229,LEO,Success,Success,True,315.0,12809272,ops-team@spacex.com
SX-0316,Iridium NEXT-90,2024-02-23,2024,FH-C,LC39A,C002,Starlink Batch,17302,LEO,Success,Success,True,204.0,127195227,ops-team@spacex.com
SX-0317,USSF-64,2024-03-02,2024,F9-B5,LC39A,C012,Satellite - Commercial,6612,GTO,Success,Success,True,298.0,69617950,ops-team@spacex.com
SX-0318,OneWeb-79,2024-03-08,2024,SS-T,BC,C001,Science Probe,2163,LEO,Success,Success,True,124.0,12629004,ops-team@spacex.com
SX-0319,NROL-19,2024-03-08,2024,F9-B5,SLC4E,C012,Satellite - Commercial,4650,GTO,Success,Success,True,321.0,81546594,ops-team@spacex.com
SX-0320,Iridium NEXT-85,2024-03-09,2024,SS-T,BC,C002,Starlink Batch,15530,LEO,Success,Failure,True,223.0,11637074,ops-team@spacex.com
SX-0321,SES-82,2024-03-20,2024,F9-B5,LC39A,C002,Starlink Batch,17885,LEO,Success,Success,True,270.0,79872785,ops-team@spacex.com
SX-0322,Dragon-76,2024-03-21,2024,SS-T,BC,C012,Satellite - Commercial,4923,GTO,Success,Success,True,110.0,10702728,ops-team@spacex.com
SX-0323,O3b-51,2024-03-21,2024,F9-B5,SLC4E,C002,Starlink Batch,17885,LEO,Success,Success,True,311.0,61276339,ops-team@spacex.com
SX-0324,OneWeb-96,2024-03-25,2024,F9-B5,SLC4E,C015,Satellite - Commercial,6064,GTO,Success,Success,True,60.0,67475577,ops-team@spacex.com
SX-0325,Arabsat-43,2024-04-05,2024,F9-B5,SLC40,C002,Starlink Batch,16987,LEO,Success,Success,True,249.0,60643577,
SX-0326,NROL-07,2024-04-07,2024,F9-B5,SLC40,C002,Starlink Batch,16950,LEO,Success,Success,True,218.0,73512337,ops-team@spacex.com
SX-0327,SES-13,2024-04-14,2024,FH-C,LC39A,C002,Starlink Batch,16236,LEO,Success,Success,True,266.0,121728064,ops-team@spacex.com
SX-0328,NROL-41,2024-04-19,2024,F9-B5,LC39A,C002,Starlink Batch,15207,LEO,Success,Success,True,154.0,88992613,ops-team@spacex.com
SX-0329,AsiaSat-12,2024-04-21,2024,F9-B5,SLC4E,C002,Starlink Batch,14307,LEO,Success,Success,True,194.0,78210020,ops-team@spacex.com
SX-0330,CRS-07,2024-04-30,2024,SS-T,BC,C012,Satellite - Commercial,6975,GEO,Success,Success,True,72.0,10489925,ops-team@spacex.com
SX-0331,Dragon-37,2024-05-02,2024,SS-T,BC,C002,Starlink Batch,15086,LEO,Success,Success,True,173.0,10068967,ops-team@spacex.com
SX-0332,OneWeb-01,2024-05-05,2024,SS-T,BC,C002,Starlink Batch,14223,LEO,Success,Success,True,239.0,9394327,ops-team@spacex.com
SX-0333,GPS-61,2024-05-06,2024,SS-T,BC,C002,Starlink Batch,15195,LEO,Success,Success,True,80.0,10387590,ops-team@spacex.com
SX-0334,CRS-48,2024-05-13,2024,FH-C,LC39A,C003,Satellite - Government,5957,SSO,Success,Success,True,216.0,103424382,ops-team@spacex.com
SX-0335,Transporter-90,2024-05-15,2024,SS-T,BC,C001,Science Probe,4200,LEO,Success,Success,True,362.0,9435161,ops-team@spacex.com
SX-0336,USSF-67,2024-05-15,2024,F9-B5,LC39A,C013,Satellite - Government,1999,SSO,Failure,Success,True,235.0,89413675,ops-team@spacex.com
SX-0337,O3b-67,2024-05-15,2024,SS-T,BC,C015,Satellite - Commercial,2284,MEO,Success,Success,True,313.0,12048906,ops-team@spacex.com
SX-0338,Crew-25,2024-05-15,2024,F9-B5,LC39A,C002,Starlink Batch,17981,LEO,Success,Failure,True,85.0,61586678,ops-team@spacex.com
SX-0339,Starlink-41,2024-05-25,2024,F9-B5,LC39A,C008,Satellite - Commercial,3211,MEO,Success,Success,True,393.0,87862344,ops-team@spacex.com
SX-0340,Starlink-67,2024-05-26,2024,F9-B5,LC39A,C002,Starlink Batch,17508,LEO,Success,Success,True,255.0,87952431,ops-team@spacex.com
SX-0341,CRS-19,2024-05-31,2024,SS-T,BC,C012,Satellite - Commercial,2921,GEO,Success,Success,True,311.0,11645703,ops-team@spacex.com
SX-0342,AsiaSat-45,2024-06-02,2024,SS-T,BC,C002,Starlink Batch,17553,LEO,Success,Success,True,231.0,10188614,ops-team@spacex.com
SX-0343,O3b-78,2024-06-02,2024,SS-T,BC,C015,Satellite - Commercial,5301,GTO,Success,Success,True,369.0,12121475,ops-team@spacex.com
SX-0344,Arabsat-35,2024-06-03,2024,F9-B5,LC39A,C002,Starlink Batch,15946,LEO,Success,Success,True,211.0,60910021,ops-team@spacex.com
SX-0345,GPS-30,2024-06-09,2024,F9-B5,LC39A,C002,Starlink Batch,16805,LEO,Success,Success,True,89.0,69359485,ops-team@spacex.com
SX-0346,Crew-57,2024-06-09,2024,SS-T,BC,C002,Starlink Batch,14365,LEO,Success,Success,True,129.0,13110447,ops-team@spacex.com
SX-0347,Transporter-21,2024-06-10,2024,FH-C,LC39A,C012,Satellite - Commercial,2460,MEO,Success,Success,True,54.0,100880523,ops-team@spacex.com
SX-0348,Arabsat-26,2024-06-10,2024,SS-T,BC,C002,Starlink Batch,14789,LEO,Success,Success,True,50.0,10122706,ops-team@spacex.com
SX-0349,Arabsat-16,2024-06-27,2024,SS-T,BC,C001,Science Probe,5802,TLI,Success,Success,True,369.0,9137534,ops-team@spacex.com
SX-0350,AsiaSat-45,2024-07-08,2024,SS-T,BC,C003,Satellite - Government,5387,GTO,Success,Failure,True,197.0,9735811,ops-team@spacex.com
SX-0351,Transporter-28,2024-07-13,2024,F9-B5,SLC40,C012,Satellite - Commercial,3334,MEO,Success,Success,True,134.0,79818503,ops-team@spacex.com
SX-0352,Transporter-88,2024-07-18,2024,F9-B5,LC39A,C002,Starlink Batch,17961,LEO,Success,Success,True,25.0,74594030,ops-team@spacex.com
SX-0353,Transporter-40,2024-07-21,2024,F9-B5,SLC4E,C008,Satellite - Commercial,4067,MEO,Success,Success,True,385.0,89455786,ops-team@spacex.com
SX-0354,Intelsat-39,2024-07-24,2024,F9-B5,LC39A,C002,Starlink Batch,14893,LEO,Success,Success,True,367.0,75997232,ops-team@spacex.com
SX-0355,Dragon-77,,2024,FH-C,LC39A,C015,Satellite - Commercial,5065,MEO,Success,Failure,True,332.0,99638845,ops-team@spacex.com
SX-0356,Starlink-84,2024-08-02,2024,F9-B5,SLC40,C003,Satellite - Government,4163,SSO,Success,Success,True,385.0,89008462,ops-team@spacex.com
SX-0357,Transporter-77,2024-08-04,2024,F9-B5,SLC4E,C002,Starlink Batch,-800,LEO,Success,Success,True,227.0,80214989,ops-team@spacex.com
SX-0358,SES-50,2024-08-12,2024,F9-B5,SLC40,C012,Satellite - Commercial,4125,GEO,Success,Failure,True,398.0,61364867,ops-team@spacex.com
SX-0359,Arabsat-86,2024-08-20,2024,F9-B5,SLC4E,C002,Starlink Batch,15948,LEO,Success,Success,True,204.0,75595542,ops-team@spacex.com
SX-0360,Starlink-93,2024-08-22,2024,SS-T,BC,C008,Satellite - Commercial,3048,MEO,Success,Success,True,307.0,12433131,ops-team@spacex.com
SX-0361,USSF-40,2024-08-22,2024,F9-B5,LC39A,C008,Satellite - Commercial,3829,MEO,Success,Success,True,236.0,84060926,ops-team@spacex.com
SX-0362,Intelsat-07,2024-09-01,2024,F9-B5,LC39A,C002,Starlink Batch,14482,LEO,Success,Success,True,345.0,77894774,ops-team@spacex.com
SX-0363,Starlink-53,2024-09-06,2024,F9-B5,SLC4E,C003,Satellite - Government,4626,GTO,Success,Success,True,48.0,86556101,ops-team@spacex.com
SX-0364,Arabsat-59,2024-09-14,2024,F9-B5,SLC4E,C002,Starlink Batch,17657,LEO,Success,Failure,True,94.0,69838961,ops-team@spacex.com
SX-0365,Dragon-08,1995-03-15,2024,F9-B5,LC39A,C002,Starlink Batch,15283,LEO,Success,Failure,True,23.0,73929404,ops-team@spacex.com
SX-0366,Transporter-12,2024-09-17,2024,SS-T,BC,C002,Starlink Batch,17127,LEO,Success,Success,True,87.0,11765158,ops-team@spacex.com
SX-0367,AsiaSat-26,2024-09-24,2024,FH-C,LC39A,C002,Starlink Batch,14154,LEO,Failure,Success,True,395.0,103585876,ops-team@spacex.com
SX-0368,Iridium NEXT-32,2024-09-27,2024,SS-T,BC,C002,Starlink Batch,16566,LEO,Success,Success,True,136.0,12120861,ops-team@spacex.com
SX-0369,CRS-09,2024-09-28,2024,F9-B5,SLC4E,C002,Starlink Batch,15253,LEO,Success,Success,True,44.0,69290797,ops-team@spacex.com
SX-0370,Arabsat-63,2024-10-02,2024,SS-T,BC,C003,Satellite - Government,2596,SSO,Success,Success,True,204.0,12375520,ops-team@spacex.com
SX-0371,Crew-94,2024-10-04,2024,F9-B5,SLC40,C002,Starlink Batch,14537,LEO,Success,Success,True,32.0,78079238,ops-team@spacex.com
SX-0372,Arabsat-82,2024-10-05,2024,F9-B5,LC39A,C002,Starlink Batch,15536,LEO,Success,Success,True,151.0,83553177,ops-team@spacex.com
SX-0373,Iridium NEXT-15,2024-10-10,2024,F9-B5,SLC40,C015,Satellite - Commercial,2161,GTO,Success,Success,True,234.0,73696075,ops-team@spacex.com
SX-0374,SES-85,2024-10-11,2024,F9-B5,LC39A,C013,Satellite - Government,1576,SSO,Success,Success,True,72.0,80273861,ops-team@spacex.com
SX-0375,Iridium NEXT-80,2024-10-15,2024,SS-T,BC,C015,Satellite - Commercial,2859,MEO,Success,Success,True,81.0,10272180,ops-team@spacex.com
SX-0376,OneWeb-91,2024-10-16,2024,F9-B5,SLC4E,C003,Satellite - Government,5785,MEO,Success,Success,True,230.0,69204838,ops-team@spacex.com
SX-0377,Crew-01,2024-10-18,2024,F9-B5,LC39A,C013,Satellite - Government,5437,SSO,Success,Success,True,27.0,80549738,ops-team@spacex.com
SX-0378,Iridium NEXT-93,2024-10-23,2024,F9-B5,LC39A,C015,Satellite - Commercial,6191,GTO,Success,Success,True,72.0,87579098,ops-team@spacex.com
SX-0379,USSF-38,2024-10-23,2024,F9-B5,LC39A,C003,Satellite - Government,2931,MEO,Success,Success,True,205.0,84468122,ops-team@spacex.com
SX-0380,NROL-18,2024-10-25,2024,F9-B5,SLC40,C002,Starlink Batch,14187,LEO,Success,Success,True,360.0,79813038,ops-team@spacex.com
SX-0381,GPS-48,2024-10-26,2024,F9-B5,LC39A,C002,Starlink Batch,17002,LEO,Failure,Success,True,196.0,65813513,ops-team@spacex.com
SX-0382,Intelsat-54,2024-10-31,2024,FH-C,LC39A,C002,Starlink Batch,17484,LEO,Success,Success,True,353.0,125979307,N/A
SX-0383,USSF-21,2024-10-31,2024,F9-B5,SLC4E,C002,Starlink Batch,17860,LEO,Success,Success,True,74.0,72843235,ops-team@spacex.com
SX-0384,NROL-88,2024-11-09,2024,SS-T,BC,C015,Satellite - Commercial,4937,MEO,Success,Success,True,393.0,13380500,ops-team@spacex.com
SX-0385,Starlink-84,2024-11-13,2024,F9-B5,LC39A,C003,Satellite - Government,1876,MEO,Success,Success,True,181.0,60672660,ops-team@spacex.com
SX-0386,Dragon-94,2024-11-14,2024,F9-B5,LC39A,C008,Satellite - Commercial,2780,GEO,Success,Success,True,148.0,74830179,ops-team@spacex.com
SX-0387,Dragon-21,2024-11-26,2024,SS-T,BC,C002,Starlink Batch,14047,LEO,Success,Success,True,279.0,12819805,ops-team@spacex.com
SX-0388,Starlink-07,2024-11-30,2024,SS-T,BC,C002,Starlink Batch,15355,LEO,Success,Success,True,280.0,10002179,ops-team@spacex.com
SX-0389,Intelsat-12,2024-12-02,2024,FH-C,LC39A,C002,Starlink Batch,16347,LEO,Success,Success,True,276.0,106814523,ops-team@spacex.com
SX-0390,USSF-12,2024-12-04,2024,F9-B5,SLC40,C003,Satellite - Government,5998,MEO,Success,Success,True,330.0,89339613,ops-team@spacex.com
SX-0391,USSF-07,2024-12-05,2024,SS-T,BC,C013,Satellite - Government,4292,SSO,success,Success,True,135.0,12799428,ops-team@spacex.com
SX-0392,Intelsat-15,2024-12-07,2024,SS-T,BC,C013,Satellite - Government,4476,GTO,Success,Success,True,70.0,12416939,ops-team@spacex.com
SX-0393,Iridium NEXT-14,2024-12-08,2024,F9-B5,LC39A,C001,Science Probe,4391,ISS,Success,Success,True,44.0,87340845,ops-team@spacex.com
SX-0394,GPS-51,2024-12-09,2024,SS-T,BC,C002,Starlink Batch,14768,LEO,Success,Success,True,131.0,11056707,ops-team@spacex.com
SX-0395,Transporter-58,2024-12-11,2024,F9-B5,LC39A,C012,Satellite - Commercial,6823,GTO,Success,Success,True,255.0,80152469,ops-team@spacex.com
SX-0396,Intelsat-66,2024-12-22,2024,F9-B5,SLC40,C003,Satellite - Government,5045,GTO,Success,Success,True,111.0,81158304,ops-team@spacex.com
SX-0397,AsiaSat-50,2024-12-26,2024,F9-B5,SLC4E,C012,Satellite - Commercial,6965,GEO,Success,Success,True,235.0,89831947,ops-team@spacex.com
SX-0001,Transporter-80,2021-09-13,2021,F9-B5,LC39A,C002,Starlink Batch,16617,LEO,Success,Success,True,255.0,62193635,ops-team@spacex.com
SX-0002,OneWeb-99,2024-01-30,2024,F9-B5,LC39A,C002,Starlink Batch,16195,LEO,Success,Success,True,127.0,73925299,ops-team@spacex.com
