FeedbackID,StoreKey,CustomerKey,DateKey,FeedbackDate,OverallScore,ServiceScore,QualityScore,Comments
F-10001,4,240,20230303,2023-03-03,4,5,5,Staff seemed rushed and distracted
F-10002,3,120,20230313,2023-03-13,4,4,4,Quick and efficient service
F-10003,1,54,20230228,2023-02-28,4,4,4,Coffee was lukewarm
F-10004,1,309,20240728,2024-07-28,4,4,5,Barista was incredibly helpful
F-10005,4,120,20230713,2023-07-13,3,3,3,Staff seemed rushed and distracted
F-10006,3,52,20241204,2024-12-04,5,4,5,Not enough oat milk options
F-10007,12,371,20240524,2024-05-24,4,5,5,Nice atmosphere
F-10008,11,24,20230119,2023-01-19,4,4,4,Price increase was noticeable
F-10009,1,180,20230211,2023-02-11,5,5,5,Love the new seasonal blend
F-10010,11,22,20220822,2022-08-22,3,3,3,Order was wrong
F-10011,9,,20220622,2022-06-22,4,4,5,Beautiful interior design
F-10012,1,470,20230307,2023-03-07,5,5,5,Excellent service as always
F-10013,7,430,20221227,2022-12-27,4,3,4,Beautiful interior design
F-10014,5,465,20230416,2023-04-16,4,4,4,Pastries were fresh and delicious
F-10015,5,110,20230714,2023-07-14,4,5,4,
F-10016,1,410,20220924,2022-09-24,4,4,4,
F-10017,3,173,20230108,2023-01-08,5,4,5,Best cold brew I've ever had
F-10018,10,,20220709,2022-07-09,4,4,4,Disappointed with portion size
F-10019,9,,20240709,2024-07-09,5,5,5,
F-10020,6,,20220728,2022-07-28,4,5,4,Excellent service as always
F-10021,2,387,20230522,2023-05-22,5,5,5,"Too crowded, hard to find a seat"
F-10022,10,,20241115,2024-11-15,4,3,5,Parking is always a challenge
F-10023,12,,20240508,2024-05-08,4,4,5,Disappointed with portion size
F-10024,11,368,20220621,2022-06-21,5,5,5,Barista was incredibly helpful
F-10025,1,,20231218,2023-12-18,5,5,4,Long wait time today
F-10026,3,,20240305,2024-03-05,4,5,3,"Great wifi, perfect for working"
F-10027,10,,20230208,2023-02-08,5,5,5,Pastries were fresh and delicious
F-10028,11,1,20240512,2024-05-12,5,5,4,Love the new seasonal blend
F-10029,7,256,20230929,2023-09-29,5,5,5,Music was too loud
F-10030,6,277,20220711,2022-07-11,5,5,4,
F-10031,12,131,20240404,2024-04-04,4,5,5,Parking is always a challenge
F-10032,1,460,20240316,2024-03-16,4,3,4,
F-10033,10,,20220727,2022-07-27,5,5,4,Long wait time today
F-10034,7,,20240221,2024-02-21,3,3,2,Coffee was lukewarm
F-10035,10,46,20240511,2024-05-11,4,4,4,"Great wifi, perfect for working"
F-10036,7,90,20230308,2023-03-08,3,2,2,Price increase was noticeable
F-10037,3,,20221031,2022-10-31,4,4,5,
F-10038,9,183,20230429,2023-04-29,4,3,4,
F-10039,12,42,20241014,2024-10-14,4,3,4,"Great coffee, friendly staff"
F-10040,8,274,20240816,2024-08-16,4,3,4,Music was too loud
F-10041,9,101,20230109,2023-01-09,4,5,4,"Too crowded, hard to find a seat"
F-10042,6,273,20231020,2023-10-20,5,5,5,"Great coffee, friendly staff"
F-10043,4,135,20240425,2024-04-25,5,5,5,Pastries were fresh and delicious
F-10044,8,,20230201,2023-02-01,4,4,3,Perfect morning spot
F-10045,2,2,20241003,2024-10-03,5,5,5,Best cold brew I've ever had
F-10046,4,310,20220813,2022-08-13,5,5,5,Long wait time today
F-10047,12,14,20241009,2024-10-09,5,5,5,Barista was incredibly helpful
F-10048,6,,20240418,2024-04-18,5,5,5,"Too crowded, hard to find a seat"
F-10049,10,,20230402,2023-04-02,5,5,5,Food options are limited
F-10050,7,253,20240520,2024-05-20,4,4,4,"Great coffee, friendly staff"
F-10051,6,372,20221030,2022-10-30,3,2,3,Nice atmosphere
F-10052,1,188,20241029,2024-10-29,5,5,5,Music was too loud
F-10053,5,294,20240130,2024-01-30,5,5,5,Parking is always a challenge
F-10054,7,203,20230720,2023-07-20,4,4,3,Clean and well-maintained store
F-10055,2,34,20240929,2024-09-29,5,5,5,Beautiful interior design
F-10056,2,223,20240212,2024-02-12,4,4,4,Love the loyalty program rewards
F-10057,7,,20240123,2024-01-23,5,4,5,
F-10058,1,241,20230821,2023-08-21,3,3,2,Not enough oat milk options
F-10059,3,109,20221201,2022-12-01,4,4,4,
F-10060,3,,20230813,2023-08-13,5,5,5,Love the loyalty program rewards
F-10061,8,367,20240120,2024-01-20,5,5,5,Beautiful interior design
F-10062,6,,20241226,2024-12-26,5,5,5,Food options are limited
F-10063,3,,20221029,2022-10-29,5,5,5,Love the new seasonal blend
F-10064,2,113,20220915,2022-09-15,5,5,5,Best latte in town!
F-10065,2,450,20240417,2024-04-17,3,2,3,Perfect morning spot
F-10066,12,228,20230807,2023-08-07,3,3,2,
F-10067,6,,20220815,2022-08-15,2,2,3,Quick and efficient service
F-10068,10,348,20240129,2024-01-29,3,3,4,Music was too loud
F-10069,10,104,20230624,2023-06-24,3,3,2,Disappointed with portion size
F-10070,2,380,20240422,2024-04-22,4,4,4,Disappointed with portion size
F-10071,12,306,20240822,2024-08-22,5,5,5,"Great wifi, perfect for working"
F-10072,3,55,20241107,2024-11-07,5,4,5,Perfect morning spot
F-10073,12,,20230214,2023-02-14,5,5,5,Disappointed with portion size
F-10074,7,406,20220923,2022-09-23,4,5,4,"Great coffee, friendly staff"
F-10075,9,,20230515,2023-05-15,4,4,4,Best latte in town!
F-10076,11,438,20220613,2022-06-13,5,5,5,"Great coffee, friendly staff"
F-10077,3,268,20230204,2023-02-04,2,3,2,Food options are limited
F-10078,1,,20240617,2024-06-17,5,5,4,Beautiful interior design
F-10079,12,67,20230524,2023-05-24,4,4,3,Love the new seasonal blend
F-10080,10,203,20221011,2022-10-11,3,3,3,Love the new seasonal blend
F-10081,5,180,20220817,2022-08-17,4,3,4,Coffee was lukewarm
F-10082,3,,20231122,2023-11-22,5,5,5,Clean and well-maintained store
F-10083,7,,20230331,2023-03-31,4,4,4,Excellent service as always
F-10084,3,148,20240914,2024-09-14,4,4,5,Barista was incredibly helpful
F-10085,2,148,20240615,2024-06-15,3,3,3,Disappointed with portion size
F-10086,12,,20230412,2023-04-12,4,4,4,Clean and well-maintained store
F-10087,7,398,20230717,2023-07-17,3,2,3,"Too crowded, hard to find a seat"
F-10088,6,1,20231010,2023-10-10,4,5,4,Clean and well-maintained store
F-10089,5,304,20240104,2024-01-04,4,4,4,"Great coffee, friendly staff"
F-10090,12,,20230403,2023-04-03,2,1,2,Best latte in town!
F-10091,9,363,20230803,2023-08-03,4,3,4,Disappointed with portion size
F-10092,2,51,20241127,2024-11-27,2,3,3,
F-10093,6,204,20241024,2024-10-24,5,5,5,"Too crowded, hard to find a seat"
F-10094,8,,20231212,2023-12-12,3,2,3,Love the new seasonal blend
F-10095,4,387,20230513,2023-05-13,5,4,5,Best latte in town!
F-10096,10,242,20241207,2024-12-07,4,4,5,Clean and well-maintained store
F-10097,12,,20231026,2023-10-26,4,3,3,Music was too loud
F-10098,12,158,20221029,2022-10-29,5,5,5,Perfect morning spot
F-10099,2,57,20221029,2022-10-29,5,5,5,Beautiful interior design
F-10100,5,,20230907,2023-09-07,3,3,4,Best latte in town!
F-10101,1,,20240220,2024-02-20,5,4,4,"Too crowded, hard to find a seat"
F-10102,5,205,20240812,2024-08-12,4,3,4,Long wait time today
F-10103,8,,20231005,2023-10-05,3,3,4,Disappointed with portion size
F-10104,10,56,20220728,2022-07-28,3,3,4,Clean and well-maintained store
F-10105,9,,20230318,2023-03-18,5,5,5,Disappointed with portion size
F-10106,5,,20230909,2023-09-09,2,3,2,Price increase was noticeable
F-10107,3,,20231216,2023-12-16,4,4,4,"Great wifi, perfect for working"
F-10108,2,,20240306,2024-03-06,5,5,5,Long wait time today
F-10109,8,,20241218,2024-12-18,4,3,4,Best cold brew I've ever had
F-10110,2,352,20230319,2023-03-19,4,4,4,Food options are limited
F-10111,1,3,20230824,2023-08-24,5,5,5,Staff seemed rushed and distracted
F-10112,12,177,20220717,2022-07-17,4,5,4,Staff seemed rushed and distracted
F-10113,8,,20240610,2024-06-10,5,5,5,Barista was incredibly helpful
F-10114,8,347,20221230,2022-12-30,4,3,5,Food options are limited
F-10115,3,325,20240109,2024-01-09,5,5,5,Nice atmosphere
F-10116,11,,20230424,2023-04-24,4,5,4,Love the new seasonal blend
F-10117,5,260,20240828,2024-08-28,2,3,1,Food options are limited
F-10118,3,365,20220719,2022-07-19,5,5,5,
F-10119,1,252,20231114,2023-11-14,5,5,5,Staff seemed rushed and distracted
F-10120,6,,20240404,2024-04-04,4,4,4,Long wait time today
F-10121,8,6,20240703,2024-07-03,4,4,3,Beautiful interior design
F-10122,1,246,20240106,2024-01-06,3,4,3,"Great coffee, friendly staff"
F-10123,5,288,20230102,2023-01-02,4,4,5,Parking is always a challenge
F-10124,7,,20240415,2024-04-15,4,4,4,"Too crowded, hard to find a seat"
F-10125,3,151,20230725,2023-07-25,4,5,3,Barista was incredibly helpful
F-10126,4,145,20241219,2024-12-19,4,5,4,Parking is always a challenge
F-10127,7,168,20231004,2023-10-04,4,4,3,Best cold brew I've ever had
F-10128,2,65,20221126,2022-11-26,3,4,3,Love the new seasonal blend
F-10129,5,,20230222,2023-02-22,5,5,5,Coffee was lukewarm
F-10130,11,19,20221011,2022-10-11,5,5,5,Order was wrong
F-10131,12,408,20230224,2023-02-24,5,5,5,Price increase was noticeable
F-10132,12,,20240926,2024-09-26,5,4,4,Pastries were fresh and delicious
F-10133,5,,20240521,2024-05-21,3,2,3,
F-10134,9,,20230107,2023-01-07,3,4,3,Long wait time today
F-10135,9,436,20240809,2024-08-09,4,4,5,Parking is always a challenge
F-10136,2,,20230618,2023-06-18,4,5,3,Price increase was noticeable
F-10137,7,312,20230308,2023-03-08,5,5,5,Parking is always a challenge
F-10138,4,473,20220601,2022-06-01,5,5,5,"Great coffee, friendly staff"
F-10139,12,173,20241105,2024-11-05,2,1,3,Price increase was noticeable
F-10140,10,288,20240803,2024-08-03,5,4,5,Nice atmosphere
F-10141,3,10,20230312,2023-03-12,5,5,5,Barista was incredibly helpful
F-10142,8,266,20240911,2024-09-11,3,3,3,Long wait time today
F-10143,2,42,20230921,2023-09-21,4,3,4,Disappointed with portion size
F-10144,3,303,20230924,2023-09-24,4,4,3,"Great coffee, friendly staff"
F-10145,3,447,20240921,2024-09-21,2,2,2,Best latte in town!
F-10146,11,483,20220721,2022-07-21,5,5,5,Pastries were fresh and delicious
F-10147,12,480,20230415,2023-04-15,4,3,4,Barista was incredibly helpful
F-10148,8,,20230927,2023-09-27,5,5,5,Perfect morning spot
F-10149,5,,20220723,2022-07-23,3,2,2,Clean and well-maintained store
F-10150,10,276,20220824,2022-08-24,5,5,4,"Great wifi, perfect for working"
F-10151,10,253,20240717,2024-07-17,5,5,4,Music was too loud
F-10152,7,459,20240516,2024-05-16,4,4,4,Long wait time today
F-10153,10,,20230927,2023-09-27,4,4,4,Perfect morning spot
F-10154,8,,20230312,2023-03-12,4,5,4,Best latte in town!
F-10155,4,269,20220927,2022-09-27,4,5,4,"Too crowded, hard to find a seat"
F-10156,2,,20230806,2023-08-06,4,4,4,
F-10157,6,286,20221009,2022-10-09,4,4,3,Parking is always a challenge
F-10158,6,,20231228,2023-12-28,3,4,3,Staff seemed rushed and distracted
F-10159,1,375,20220731,2022-07-31,5,5,5,Long wait time today
F-10160,12,,20240218,2024-02-18,2,2,2,Love the new seasonal blend
F-10161,3,6,20241004,2024-10-04,3,4,3,Food options are limited
F-10162,3,,20220820,2022-08-20,5,5,5,Order was wrong
F-10163,3,,20241218,2024-12-18,3,3,4,Excellent service as always
F-10164,8,311,20240318,2024-03-18,3,3,4,Clean and well-maintained store
F-10165,8,,20230809,2023-08-09,2,3,2,Barista was incredibly helpful
F-10166,9,430,20240718,2024-07-18,3,4,3,Disappointed with portion size
F-10167,11,,20231122,2023-11-22,4,3,3,
F-10168,3,82,20221217,2022-12-17,4,5,4,Quick and efficient service
F-10169,8,53,20240728,2024-07-28,5,5,5,Love the loyalty program rewards
F-10170,3,411,20241004,2024-10-04,5,5,5,Perfect morning spot
F-10171,1,187,20230506,2023-05-06,3,4,3,Perfect morning spot
F-10172,10,,20241222,2024-12-22,4,4,5,Parking is always a challenge
F-10173,11,291,20240808,2024-08-08,3,3,3,Perfect morning spot
F-10174,7,,20240902,2024-09-02,4,5,4,Music was too loud
F-10175,2,371,20230831,2023-08-31,4,4,4,Parking is always a challenge
F-10176,6,48,20241226,2024-12-26,5,5,5,Parking is always a challenge
F-10177,7,,20230116,2023-01-16,5,5,5,Clean and well-maintained store
F-10178,8,,20240313,2024-03-13,5,5,5,Best latte in town!
F-10179,9,223,20221027,2022-10-27,4,4,4,Quick and efficient service
F-10180,8,,20220811,2022-08-11,4,5,4,Pastries were fresh and delicious
F-10181,7,209,20240124,2024-01-24,5,5,5,Order was wrong
F-10182,6,71,20241031,2024-10-31,4,4,4,Price increase was noticeable
F-10183,3,,20230814,2023-08-14,2,3,3,Order was wrong
F-10184,6,476,20240820,2024-08-20,3,3,3,Disappointed with portion size
F-10185,4,16,20240209,2024-02-09,4,4,5,Staff seemed rushed and distracted
F-10186,3,251,20221130,2022-11-30,2,2,1,Quick and efficient service
F-10187,9,425,20230203,2023-02-03,4,4,4,Best cold brew I've ever had
F-10188,9,,20240204,2024-02-04,4,4,5,Coffee was lukewarm
F-10189,7,,20230828,2023-08-28,4,4,4,Quick and efficient service
F-10190,6,,20230101,2023-01-01,4,3,4,Beautiful interior design
F-10191,4,,20240916,2024-09-16,4,5,5,Parking is always a challenge
F-10192,11,405,20230901,2023-09-01,5,4,5,Love the loyalty program rewards
F-10193,2,,20220918,2022-09-18,4,4,4,Disappointed with portion size
F-10194,3,252,20230626,2023-06-26,2,2,2,"Too crowded, hard to find a seat"
F-10195,10,,20240606,2024-06-06,3,3,3,Order was wrong
F-10196,7,,20240329,2024-03-29,4,5,5,Order was wrong
F-10197,5,126,20240108,2024-01-08,3,3,3,Long wait time today
F-10198,10,,20231002,2023-10-02,4,4,4,Beautiful interior design
F-10199,4,,20230618,2023-06-18,2,2,2,Quick and efficient service
F-10200,1,335,20230822,2023-08-22,4,3,3,Love the new seasonal blend
F-10201,5,,20240826,2024-08-26,4,3,5,Parking is always a challenge
F-10202,11,,20240308,2024-03-08,5,5,5,Best cold brew I've ever had
F-10203,12,,20221105,2022-11-05,5,4,5,Order was wrong
F-10204,10,494,20221128,2022-11-28,5,5,5,Parking is always a challenge
F-10205,7,413,20241017,2024-10-17,3,3,2,Not enough oat milk options
F-10206,11,,20230322,2023-03-22,2,2,2,Price increase was noticeable
F-10207,1,,20220915,2022-09-15,4,3,4,Barista was incredibly helpful
F-10208,4,52,20240509,2024-05-09,5,5,5,Excellent service as always
F-10209,11,,20221214,2022-12-14,4,5,4,Excellent service as always
F-10210,12,,20240618,2024-06-18,4,3,5,Barista was incredibly helpful
F-10211,6,,20221013,2022-10-13,2,2,3,Best latte in town!
F-10212,8,,20230330,2023-03-30,3,3,3,Music was too loud
F-10213,11,308,20221129,2022-11-29,3,3,2,Excellent service as always
F-10214,6,372,20230709,2023-07-09,3,3,3,Perfect morning spot
F-10215,10,,20230708,2023-07-08,2,2,2,"Great coffee, friendly staff"
F-10216,11,,20230718,2023-07-18,5,5,5,"Great coffee, friendly staff"
F-10217,7,216,20230822,2023-08-22,4,3,4,Love the loyalty program rewards
F-10218,10,169,20231216,2023-12-16,4,5,3,"Great coffee, friendly staff"
F-10219,5,307,20230529,2023-05-29,4,3,3,Long wait time today
F-10220,4,,20230709,2023-07-09,5,5,5,Price increase was noticeable
F-10221,9,,20240524,2024-05-24,4,3,4,Pastries were fresh and delicious
F-10222,11,,20230511,2023-05-11,3,4,2,Food options are limited
F-10223,5,286,20240706,2024-07-06,5,5,5,Music was too loud
F-10224,3,329,20220720,2022-07-20,4,4,4,"Too crowded, hard to find a seat"
F-10225,6,253,20230223,2023-02-23,5,5,5,Price increase was noticeable
F-10226,10,,20230113,2023-01-13,4,3,4,Parking is always a challenge
F-10227,6,,20220817,2022-08-17,5,5,5,Barista was incredibly helpful
F-10228,9,495,20230210,2023-02-10,5,5,5,Love the new seasonal blend
F-10229,8,223,20240703,2024-07-03,4,4,4,Barista was incredibly helpful
F-10230,5,273,20240317,2024-03-17,4,4,4,"Great coffee, friendly staff"
F-10231,8,145,20230302,2023-03-02,4,4,4,Excellent service as always
F-10232,8,265,20230810,2023-08-10,3,3,4,Disappointed with portion size
F-10233,3,,20231223,2023-12-23,5,5,5,Nice atmosphere
F-10234,2,403,20230925,2023-09-25,4,3,4,Love the new seasonal blend
F-10235,8,177,20240610,2024-06-10,3,2,3,"Great wifi, perfect for working"
F-10236,12,188,20240506,2024-05-06,2,2,2,Pastries were fresh and delicious
F-10237,11,217,20241116,2024-11-16,3,3,3,Love the new seasonal blend
F-10238,4,289,20230804,2023-08-04,5,5,5,Parking is always a challenge
F-10239,5,498,20240629,2024-06-29,4,5,3,Long wait time today
F-10240,2,356,20241210,2024-12-10,5,5,5,
F-10241,3,29,20240519,2024-05-19,5,4,4,"Great coffee, friendly staff"
F-10242,6,,20220620,2022-06-20,5,5,4,Perfect morning spot
F-10243,7,,20230323,2023-03-23,3,3,3,Price increase was noticeable
F-10244,6,,20240930,2024-09-30,5,5,5,Food options are limited
F-10245,8,135,20240812,2024-08-12,4,5,4,Disappointed with portion size
F-10246,9,,20230802,2023-08-02,4,4,4,
F-10247,3,,20231004,2023-10-04,4,5,4,Coffee was lukewarm
F-10248,5,,20221201,2022-12-01,4,4,5,Love the new seasonal blend
F-10249,6,82,20241026,2024-10-26,5,5,5,
F-10250,10,,20230711,2023-07-11,5,5,5,
F-10251,9,116,20231031,2023-10-31,4,4,4,Nice atmosphere
F-10252,3,,20231021,2023-10-21,5,5,5,Love the loyalty program rewards
F-10253,6,95,20230615,2023-06-15,5,5,5,Love the new seasonal blend
F-10254,1,142,20240405,2024-04-05,5,5,5,Love the new seasonal blend
F-10255,11,248,20240725,2024-07-25,5,5,5,Not enough oat milk options
F-10256,5,317,20240505,2024-05-05,4,4,4,Beautiful interior design
F-10257,11,,20220722,2022-07-22,4,4,3,Beautiful interior design
F-10258,3,283,20241102,2024-11-02,4,4,4,Nice atmosphere
F-10259,3,,20230120,2023-01-20,4,4,5,Excellent service as always
F-10260,10,,20221226,2022-12-26,4,4,4,Clean and well-maintained store
F-10261,9,,20220726,2022-07-26,5,5,4,Beautiful interior design
F-10262,9,98,20230401,2023-04-01,5,5,5,Excellent service as always
F-10263,2,104,20240817,2024-08-17,5,5,5,
F-10264,10,458,20220623,2022-06-23,5,5,5,Coffee was lukewarm
F-10265,11,,20240322,2024-03-22,4,5,4,Long wait time today
F-10266,5,90,20230817,2023-08-17,4,5,4,Love the loyalty program rewards
F-10267,2,465,20220724,2022-07-24,3,3,3,Music was too loud
F-10268,10,,20230113,2023-01-13,4,4,4,Pastries were fresh and delicious
F-10269,9,,20230115,2023-01-15,4,4,5,Order was wrong
F-10270,8,314,20230825,2023-08-25,4,4,4,
F-10271,2,18,20220818,2022-08-18,2,2,1,Coffee was lukewarm
F-10272,9,,20240116,2024-01-16,4,5,5,"Great coffee, friendly staff"
F-10273,3,,20240412,2024-04-12,4,3,4,Long wait time today
F-10274,12,,20230203,2023-02-03,5,4,5,"Too crowded, hard to find a seat"
F-10275,11,319,20231224,2023-12-24,5,4,5,"Too crowded, hard to find a seat"
F-10276,4,165,20230928,2023-09-28,4,3,4,"Great coffee, friendly staff"
F-10277,1,110,20240118,2024-01-18,2,3,2,Best latte in town!
F-10278,2,452,20220826,2022-08-26,3,4,3,Disappointed with portion size
F-10279,9,,20230323,2023-03-23,5,5,5,Staff seemed rushed and distracted
F-10280,8,404,20230109,2023-01-09,4,4,4,Clean and well-maintained store
F-10281,2,144,20240512,2024-05-12,4,4,3,Excellent service as always
F-10282,6,17,20230412,2023-04-12,4,3,4,
F-10283,3,,20240714,2024-07-14,4,4,4,
F-10284,2,232,20240229,2024-02-29,4,4,5,Parking is always a challenge
F-10285,10,418,20221008,2022-10-08,3,4,3,Perfect morning spot
F-10286,5,,20241206,2024-12-06,5,4,4,Best latte in town!
F-10287,8,304,20241128,2024-11-28,4,4,4,Excellent service as always
F-10288,2,107,20230103,2023-01-03,3,2,2,Barista was incredibly helpful
F-10289,7,28,20241112,2024-11-12,5,5,5,
F-10290,12,,20240916,2024-09-16,4,5,3,"Great coffee, friendly staff"
F-10291,1,202,20220913,2022-09-13,5,5,5,Barista was incredibly helpful
F-10292,10,198,20230120,2023-01-20,4,5,4,Parking is always a challenge
F-10293,2,,20221230,2022-12-30,2,2,2,"Great coffee, friendly staff"
F-10294,5,,20240305,2024-03-05,3,3,3,Staff seemed rushed and distracted
F-10295,1,385,20220706,2022-07-06,4,5,4,Disappointed with portion size
F-10296,5,284,20231016,2023-10-16,4,3,4,Clean and well-maintained store
F-10297,9,145,20220626,2022-06-26,3,3,3,Barista was incredibly helpful
F-10298,6,53,20240309,2024-03-09,3,2,3,
F-10299,3,,20240623,2024-06-23,4,5,4,
F-10300,7,,20240817,2024-08-17,3,3,3,
F-10301,11,237,20230426,2023-04-26,4,3,5,Food options are limited
F-10302,4,185,20240725,2024-07-25,4,4,4,Nice atmosphere
F-10303,1,412,20240814,2024-08-14,4,5,4,Coffee was lukewarm
F-10304,3,460,20231014,2023-10-14,4,4,4,Parking is always a challenge
F-10305,4,132,20241123,2024-11-23,4,5,3,"Great wifi, perfect for working"
F-10306,12,426,20241105,2024-11-05,4,4,4,Quick and efficient service
F-10307,9,477,20240831,2024-08-31,5,5,5,"Great coffee, friendly staff"
F-10308,11,,20221228,2022-12-28,3,4,3,
F-10309,12,230,20230308,2023-03-08,4,4,4,Perfect morning spot
F-10310,7,142,20230902,2023-09-02,4,4,3,Coffee was lukewarm
F-10311,9,113,20220727,2022-07-27,4,4,4,
F-10312,5,,20240824,2024-08-24,2,2,2,Music was too loud
F-10313,7,377,20240116,2024-01-16,5,4,5,Staff seemed rushed and distracted
F-10314,11,,20221006,2022-10-06,4,4,4,Pastries were fresh and delicious
F-10315,12,,20240327,2024-03-27,3,3,3,
F-10316,4,363,20240822,2024-08-22,4,4,4,"Great coffee, friendly staff"
F-10317,10,,20240522,2024-05-22,4,4,5,Pastries were fresh and delicious
F-10318,8,238,20241005,2024-10-05,5,5,5,Best latte in town!
F-10319,8,44,20230712,2023-07-12,4,4,4,Not enough oat milk options
F-10320,7,178,20240330,2024-03-30,5,5,5,Best cold brew I've ever had
F-10321,2,6,20240209,2024-02-09,4,3,4,Clean and well-maintained store
F-10322,8,323,20221019,2022-10-19,4,4,4,Disappointed with portion size
F-10323,6,,20241123,2024-11-23,2,2,3,
F-10324,12,382,20240925,2024-09-25,5,5,4,"Great coffee, friendly staff"
F-10325,12,,20240725,2024-07-25,5,5,4,Love the new seasonal blend
F-10326,11,449,20230227,2023-02-27,3,3,3,Long wait time today
F-10327,11,476,20240815,2024-08-15,5,5,5,Barista was incredibly helpful
F-10328,10,300,20230407,2023-04-07,3,3,3,
F-10329,2,299,20240129,2024-01-29,4,4,5,Clean and well-maintained store
F-10330,4,233,20231108,2023-11-08,5,5,5,Love the new seasonal blend
F-10331,4,459,20241208,2024-12-08,4,4,4,"Great coffee, friendly staff"
F-10332,3,400,20241010,2024-10-10,2,2,3,Best latte in town!
F-10333,2,145,20230510,2023-05-10,4,4,4,Pastries were fresh and delicious
F-10334,12,327,20230311,2023-03-11,4,4,4,Barista was incredibly helpful
F-10335,4,252,20240124,2024-01-24,2,1,3,
F-10336,3,,20230312,2023-03-12,4,4,4,
F-10337,4,,20240911,2024-09-11,5,5,4,Barista was incredibly helpful
F-10338,2,483,20220717,2022-07-17,4,4,4,"Great coffee, friendly staff"
F-10339,1,209,20231212,2023-12-12,4,5,4,
F-10340,5,,20240210,2024-02-10,5,4,5,Pastries were fresh and delicious
F-10341,4,470,20241130,2024-11-30,5,4,5,"Great wifi, perfect for working"
F-10342,5,,20240602,2024-06-02,4,5,4,
F-10343,5,,20221212,2022-12-12,3,3,3,Staff seemed rushed and distracted
F-10344,4,,20230714,2023-07-14,5,4,5,Best latte in town!
F-10345,4,110,20230210,2023-02-10,3,2,3,Price increase was noticeable
F-10346,1,,20240907,2024-09-07,4,4,4,Best latte in town!
F-10347,12,442,20221222,2022-12-22,5,5,5,"Great coffee, friendly staff"
F-10348,5,7,20230303,2023-03-03,4,4,4,Nice atmosphere
F-10349,2,,20220821,2022-08-21,3,4,3,
F-10350,4,,20240526,2024-05-26,5,5,5,Nice atmosphere
F-10351,2,416,20240809,2024-08-09,5,4,5,Beautiful interior design
F-10352,11,458,20220831,2022-08-31,4,4,3,Parking is always a challenge
F-10353,7,129,20240920,2024-09-20,5,5,4,
F-10354,4,,20240911,2024-09-11,5,5,5,Price increase was noticeable
F-10355,8,209,20220831,2022-08-31,5,5,4,Best cold brew I've ever had
F-10356,11,348,20231222,2023-12-22,5,5,5,Beautiful interior design
F-10357,11,52,20230121,2023-01-21,4,4,4,Music was too loud
F-10358,3,,20220605,2022-06-05,4,5,4,Staff seemed rushed and distracted
F-10359,2,448,20230707,2023-07-07,4,3,4,
F-10360,2,178,20221117,2022-11-17,4,4,4,Beautiful interior design
F-10361,11,403,20240807,2024-08-07,4,4,4,Pastries were fresh and delicious
F-10362,4,330,20231020,2023-10-20,4,3,5,Best latte in town!
F-10363,3,385,20221031,2022-10-31,4,5,4,Order was wrong
F-10364,3,,20240207,2024-02-07,5,5,4,Long wait time today
F-10365,8,,20230921,2023-09-21,5,4,5,Perfect morning spot
F-10366,11,393,20240628,2024-06-28,5,5,5,Not enough oat milk options
F-10367,11,466,20240621,2024-06-21,2,2,3,"Great coffee, friendly staff"
F-10368,5,438,20221128,2022-11-28,5,5,5,"Great coffee, friendly staff"
F-10369,7,131,20220920,2022-09-20,4,5,4,Barista was incredibly helpful
F-10370,8,,20220709,2022-07-09,4,4,4,Music was too loud
F-10371,5,247,20230514,2023-05-14,2,3,2,Music was too loud
F-10372,12,438,20221129,2022-11-29,3,2,3,Best cold brew I've ever had
F-10373,9,,20240510,2024-05-10,4,3,4,Disappointed with portion size
F-10374,5,442,20231212,2023-12-12,3,4,3,Price increase was noticeable
F-10375,3,498,20241031,2024-10-31,4,3,3,Excellent service as always
F-10376,1,373,20230606,2023-06-06,3,3,2,Parking is always a challenge
F-10377,8,,20220817,2022-08-17,4,3,5,Parking is always a challenge
F-10378,9,,20240502,2024-05-02,4,3,4,Perfect morning spot
F-10379,5,133,20220719,2022-07-19,4,4,4,Price increase was noticeable
F-10380,3,,20231013,2023-10-13,3,2,4,Best latte in town!
F-10381,3,384,20230118,2023-01-18,5,5,5,Food options are limited
F-10382,2,181,20230809,2023-08-09,3,3,4,Coffee was lukewarm
F-10383,1,,20230604,2023-06-04,4,5,4,Love the new seasonal blend
F-10384,10,,20230912,2023-09-12,4,3,4,Music was too loud
F-10385,12,201,20240102,2024-01-02,4,3,5,Excellent service as always
F-10386,4,453,20230627,2023-06-27,4,5,4,Parking is always a challenge
F-10387,7,,20241225,2024-12-25,3,4,2,Excellent service as always
F-10388,3,279,20230523,2023-05-23,4,4,4,Coffee was lukewarm
F-10389,11,467,20220918,2022-09-18,5,5,4,Coffee was lukewarm
F-10390,10,,20231216,2023-12-16,5,4,5,Clean and well-maintained store
F-10391,12,,20241125,2024-11-25,4,5,3,Perfect morning spot
F-10392,3,311,20230411,2023-04-11,5,5,5,
F-10393,11,284,20240723,2024-07-23,4,4,4,Love the loyalty program rewards
F-10394,8,132,20240713,2024-07-13,5,4,5,"Too crowded, hard to find a seat"
F-10395,3,108,20231116,2023-11-16,4,3,4,Long wait time today
F-10396,9,335,20220622,2022-06-22,4,4,5,Staff seemed rushed and distracted
F-10397,7,37,20240106,2024-01-06,4,3,4,Perfect morning spot
F-10398,2,217,20231028,2023-10-28,5,5,5,Food options are limited
F-10399,3,285,20240829,2024-08-29,5,5,5,"Great coffee, friendly staff"
F-10400,1,,20230511,2023-05-11,3,3,3,Not enough oat milk options
F-10401,8,150,20220809,2022-08-09,4,3,4,
F-10402,4,,20240520,2024-05-20,5,5,5,Nice atmosphere
F-10403,3,175,20240624,2024-06-24,2,2,2,Perfect morning spot
F-10404,12,190,20220910,2022-09-10,4,5,4,Order was wrong
F-10405,11,107,20231206,2023-12-06,4,4,4,Order was wrong
F-10406,9,,20230708,2023-07-08,4,4,5,Perfect morning spot
F-10407,12,,20220809,2022-08-09,5,5,5,Music was too loud
F-10408,1,168,20230410,2023-04-10,3,2,3,"Too crowded, hard to find a seat"
F-10409,5,35,20231014,2023-10-14,4,4,5,Parking is always a challenge
F-10410,1,6,20230308,2023-03-08,4,3,4,Coffee was lukewarm
F-10411,12,452,20240128,2024-01-28,4,4,4,Perfect morning spot
F-10412,10,277,20220804,2022-08-04,3,4,3,Excellent service as always
F-10413,11,210,20240531,2024-05-31,5,5,5,
F-10414,2,,20241201,2024-12-01,4,4,5,Coffee was lukewarm
F-10415,8,,20230526,2023-05-26,3,2,3,Parking is always a challenge
F-10416,3,316,20220730,2022-07-30,4,4,4,Music was too loud
F-10417,3,,20231007,2023-10-07,3,2,3,Food options are limited
F-10418,4,31,20241011,2024-10-11,3,3,3,Barista was incredibly helpful
F-10419,9,,20230214,2023-02-14,4,4,4,Staff seemed rushed and distracted
F-10420,6,7,20241004,2024-10-04,4,4,4,"Great coffee, friendly staff"
F-10421,10,417,20221005,2022-10-05,3,4,3,Best latte in town!
F-10422,4,69,20240516,2024-05-16,3,3,3,Perfect morning spot
F-10423,1,,20231005,2023-10-05,4,5,4,Price increase was noticeable
F-10424,2,160,20240807,2024-08-07,4,3,4,Best latte in town!
F-10425,11,102,20221006,2022-10-06,3,2,2,Staff seemed rushed and distracted
F-10426,1,254,20230603,2023-06-03,4,4,4,
F-10427,1,253,20240131,2024-01-31,2,3,3,Nice atmosphere
F-10428,11,,20241215,2024-12-15,3,4,3,"Great coffee, friendly staff"
F-10429,1,231,20240112,2024-01-12,5,5,5,"Too crowded, hard to find a seat"
F-10430,10,,20220609,2022-06-09,3,3,3,Pastries were fresh and delicious
F-10431,12,266,20240215,2024-02-15,5,5,5,Best latte in town!
F-10432,8,245,20241015,2024-10-15,5,4,5,Coffee was lukewarm
F-10433,7,,20221017,2022-10-17,2,2,2,Food options are limited
F-10434,8,,20230802,2023-08-02,4,5,3,Parking is always a challenge
F-10435,8,,20240104,2024-01-04,3,3,3,Disappointed with portion size
F-10436,8,,20220610,2022-06-10,4,4,4,
F-10437,9,,20231105,2023-11-05,4,4,4,Best latte in town!
F-10438,10,460,20240918,2024-09-18,5,5,4,Coffee was lukewarm
F-10439,7,442,20231123,2023-11-23,4,3,5,"Too crowded, hard to find a seat"
F-10440,7,,20231113,2023-11-13,3,3,3,Long wait time today
F-10441,9,202,20240301,2024-03-01,3,3,3,Barista was incredibly helpful
F-10442,10,461,20240204,2024-02-04,5,4,5,Long wait time today
F-10443,11,,20230511,2023-05-11,5,5,5,Pastries were fresh and delicious
F-10444,5,348,20230304,2023-03-04,5,4,5,Best latte in town!
F-10445,5,,20220813,2022-08-13,4,4,4,Not enough oat milk options
F-10446,1,,20230115,2023-01-15,5,5,5,"Great wifi, perfect for working"
F-10447,12,306,20241031,2024-10-31,4,4,4,Not enough oat milk options
F-10448,10,415,20220920,2022-09-20,5,5,5,Nice atmosphere
F-10449,7,,20230719,2023-07-19,2,2,2,Pastries were fresh and delicious
F-10450,4,216,20221125,2022-11-25,4,4,3,"Too crowded, hard to find a seat"
F-10451,9,,20240728,2024-07-28,5,5,5,Clean and well-maintained store
F-10452,7,238,20240929,2024-09-29,5,5,5,Best cold brew I've ever had
F-10453,9,52,20230307,2023-03-07,3,3,3,Long wait time today
F-10454,8,,20240118,2024-01-18,4,5,4,Quick and efficient service
F-10455,1,,20231223,2023-12-23,5,5,4,Disappointed with portion size
F-10456,12,274,20231113,2023-11-13,5,5,5,Coffee was lukewarm
F-10457,7,241,20240506,2024-05-06,4,5,3,Beautiful interior design
F-10458,5,433,20240310,2024-03-10,4,4,5,Barista was incredibly helpful
F-10459,7,336,20220911,2022-09-11,3,3,4,
F-10460,10,,20231010,2023-10-10,4,4,4,Not enough oat milk options
F-10461,1,443,20240608,2024-06-08,3,4,3,Staff seemed rushed and distracted
F-10462,1,490,20240507,2024-05-07,4,3,4,Parking is always a challenge
F-10463,4,33,20220705,2022-07-05,4,3,4,"Great coffee, friendly staff"
F-10464,4,75,20241215,2024-12-15,5,5,5,Pastries were fresh and delicious
F-10465,3,,20221024,2022-10-24,5,5,5,
F-10466,1,,20240213,2024-02-13,5,4,4,"Too crowded, hard to find a seat"
F-10467,11,,20220919,2022-09-19,4,4,5,Quick and efficient service
F-10468,7,14,20240603,2024-06-03,5,4,5,Love the new seasonal blend
F-10469,7,,20231125,2023-11-25,4,5,5,Staff seemed rushed and distracted
F-10470,9,,20230508,2023-05-08,2,1,2,Nice atmosphere
F-10471,4,132,20221217,2022-12-17,4,4,5,
F-10472,11,,20231016,2023-10-16,3,3,4,Nice atmosphere
F-10473,3,,20240807,2024-08-07,3,2,3,Nice atmosphere
F-10474,12,57,20231224,2023-12-24,5,5,5,Clean and well-maintained store
F-10475,12,,20230813,2023-08-13,3,4,3,
F-10476,12,158,20240808,2024-08-08,3,3,2,Excellent service as always
F-10477,8,187,20230624,2023-06-24,3,4,3,Disappointed with portion size
F-10478,11,496,20241030,2024-10-30,4,4,4,Clean and well-maintained store
F-10479,12,68,20240715,2024-07-15,4,4,3,Best latte in town!
F-10480,1,35,20241227,2024-12-27,5,4,5,Excellent service as always
F-10481,1,141,20230130,2023-01-30,5,4,5,"Too crowded, hard to find a seat"
F-10482,3,389,20221010,2022-10-10,5,4,5,Best cold brew I've ever had
F-10483,4,,20220907,2022-09-07,5,4,4,Staff seemed rushed and distracted
F-10484,6,192,20240711,2024-07-11,5,5,5,Nice atmosphere
F-10485,12,317,20221006,2022-10-06,4,4,5,Food options are limited
F-10486,9,,20240323,2024-03-23,3,2,3,Love the new seasonal blend
F-10487,4,331,20230424,2023-04-24,4,5,4,Clean and well-maintained store
F-10488,8,166,20241206,2024-12-06,4,4,3,Best cold brew I've ever had
F-10489,4,188,20231210,2023-12-10,5,5,4,Perfect morning spot
F-10490,7,319,20230806,2023-08-06,2,1,2,Love the loyalty program rewards
F-10491,7,,20221211,2022-12-11,5,4,5,Not enough oat milk options
F-10492,5,,20230106,2023-01-06,4,3,3,Best latte in town!
F-10493,7,,20241130,2024-11-30,2,2,2,Beautiful interior design
F-10494,3,139,20221207,2022-12-07,4,5,4,Excellent service as always
F-10495,4,470,20230511,2023-05-11,5,5,4,Love the new seasonal blend
F-10496,4,,20240613,2024-06-13,4,3,4,Coffee was lukewarm
F-10497,7,,20221121,2022-11-21,4,4,3,Excellent service as always
F-10498,1,30,20240518,2024-05-18,4,4,4,Barista was incredibly helpful
F-10499,6,243,20231006,2023-10-06,4,4,3,Staff seemed rushed and distracted
F-10500,2,177,20231112,2023-11-12,2,3,2,Food options are limited
F-10501,3,417,20240621,2024-06-21,5,5,5,Music was too loud
F-10502,5,390,20230701,2023-07-01,5,5,4,Excellent service as always
F-10503,2,,20240128,2024-01-28,4,4,4,Coffee was lukewarm
F-10504,2,486,20240323,2024-03-23,2,2,2,Coffee was lukewarm
F-10505,11,,20230515,2023-05-15,5,5,5,Excellent service as always
F-10506,2,396,20221205,2022-12-05,4,5,4,Excellent service as always
F-10507,12,101,20240326,2024-03-26,4,4,5,Perfect morning spot
F-10508,9,243,20230729,2023-07-29,4,4,4,Beautiful interior design
F-10509,2,100,20240807,2024-08-07,5,5,5,Pastries were fresh and delicious
F-10510,11,,20221005,2022-10-05,4,4,5,Perfect morning spot
F-10511,7,,20221008,2022-10-08,5,5,5,Love the loyalty program rewards
F-10512,5,,20220702,2022-07-02,5,5,5,Perfect morning spot
F-10513,9,480,20240826,2024-08-26,4,4,4,Parking is always a challenge
F-10514,12,329,20220930,2022-09-30,4,4,5,Long wait time today
F-10515,5,38,20231001,2023-10-01,4,3,5,
F-10516,11,487,20220823,2022-08-23,4,4,4,Pastries were fresh and delicious
F-10517,1,380,20221029,2022-10-29,4,3,3,Parking is always a challenge
F-10518,3,294,20230522,2023-05-22,4,4,4,Best latte in town!
F-10519,1,304,20240415,2024-04-15,3,2,3,"Great coffee, friendly staff"
F-10520,12,,20241023,2024-10-23,4,4,3,Barista was incredibly helpful
F-10521,8,469,20230217,2023-02-17,5,5,4,Music was too loud
F-10522,5,333,20240516,2024-05-16,3,3,3,
F-10523,9,180,20241104,2024-11-04,5,4,4,
F-10524,12,,20240916,2024-09-16,5,5,5,Love the loyalty program rewards
F-10525,3,432,20240321,2024-03-21,3,4,3,Price increase was noticeable
F-10526,11,197,20230916,2023-09-16,4,4,3,Staff seemed rushed and distracted
F-10527,6,,20220819,2022-08-19,4,4,4,Order was wrong
F-10528,2,,20240425,2024-04-25,5,5,5,Barista was incredibly helpful
F-10529,12,,20221025,2022-10-25,4,5,4,Quick and efficient service
F-10530,7,341,20231024,2023-10-24,4,4,4,Love the new seasonal blend
F-10531,7,449,20240502,2024-05-02,5,5,5,Staff seemed rushed and distracted
F-10532,9,145,20230214,2023-02-14,4,3,4,Best latte in town!
F-10533,6,58,20231122,2023-11-22,5,5,5,
F-10534,9,209,20240523,2024-05-23,4,4,4,Order was wrong
F-10535,4,,20240322,2024-03-22,4,4,4,Best latte in town!
F-10536,11,374,20230724,2023-07-24,5,5,5,Best cold brew I've ever had
F-10537,8,229,20230419,2023-04-19,5,5,4,Coffee was lukewarm
F-10538,10,295,20241118,2024-11-18,4,5,4,Disappointed with portion size
F-10539,4,214,20240823,2024-08-23,3,3,3,Excellent service as always
F-10540,4,,20230305,2023-03-05,3,3,3,Music was too loud
F-10541,8,391,20231215,2023-12-15,4,5,3,Music was too loud
F-10542,8,275,20241221,2024-12-21,5,5,5,Food options are limited
F-10543,2,,20240727,2024-07-27,5,4,5,Order was wrong
F-10544,11,280,20240413,2024-04-13,4,4,4,Perfect morning spot
F-10545,4,,20220927,2022-09-27,3,2,3,"Too crowded, hard to find a seat"
F-10546,7,13,20241126,2024-11-26,4,3,4,Long wait time today
F-10547,9,137,20221224,2022-12-24,5,5,5,Clean and well-maintained store
F-10548,7,326,20230306,2023-03-06,2,2,2,Perfect morning spot
F-10549,12,332,20231207,2023-12-07,4,4,4,Perfect morning spot
F-10550,3,,20220918,2022-09-18,4,5,3,Best cold brew I've ever had
F-10551,3,299,20230328,2023-03-28,4,5,4,Perfect morning spot
F-10552,2,,20240104,2024-01-04,5,5,5,Pastries were fresh and delicious
F-10553,7,,20231110,2023-11-10,5,5,5,Love the new seasonal blend
F-10554,8,,20231120,2023-11-20,5,5,5,Excellent service as always
F-10555,5,36,20240711,2024-07-11,4,4,4,Beautiful interior design
F-10556,6,222,20220916,2022-09-16,4,4,4,Not enough oat milk options
F-10557,6,,20230420,2023-04-20,5,5,5,Food options are limited
F-10558,3,,20240505,2024-05-05,3,2,4,Perfect morning spot
F-10559,10,398,20220915,2022-09-15,3,2,2,"Great coffee, friendly staff"
F-10560,11,,20240727,2024-07-27,5,5,5,Perfect morning spot
F-10561,3,10,20221108,2022-11-08,5,5,5,Nice atmosphere
F-10562,8,,20230621,2023-06-21,3,3,3,"Great wifi, perfect for working"
F-10563,11,,20240419,2024-04-19,5,4,5,Disappointed with portion size
F-10564,7,72,20230219,2023-02-19,4,3,3,Music was too loud
F-10565,7,,20230715,2023-07-15,4,4,4,Best latte in town!
F-10566,4,459,20230409,2023-04-09,4,4,5,Music was too loud
F-10567,6,,20230216,2023-02-16,3,3,3,Parking is always a challenge
F-10568,10,456,20220907,2022-09-07,5,4,5,"Great coffee, friendly staff"
F-10569,2,297,20240316,2024-03-16,5,5,5,Clean and well-maintained store
F-10570,2,292,20230225,2023-02-25,4,5,4,Staff seemed rushed and distracted
F-10571,9,274,20240624,2024-06-24,3,4,4,"Great coffee, friendly staff"
F-10572,6,143,20241219,2024-12-19,4,5,5,Nice atmosphere
F-10573,3,372,20240429,2024-04-29,5,4,4,Perfect morning spot
F-10574,3,106,20221104,2022-11-04,2,1,3,
F-10575,4,,20230928,2023-09-28,4,5,4,Not enough oat milk options
F-10576,12,270,20231003,2023-10-03,5,5,4,Clean and well-maintained store
F-10577,7,,20220901,2022-09-01,3,3,3,"Great coffee, friendly staff"
F-10578,8,289,20240619,2024-06-19,2,1,2,"Great wifi, perfect for working"
F-10579,12,62,20230202,2023-02-02,4,3,5,Best latte in town!
F-10580,10,81,20240331,2024-03-31,4,4,4,Best latte in town!
F-10581,7,,20240508,2024-05-08,5,5,5,Price increase was noticeable
F-10582,6,,20230628,2023-06-28,5,5,5,Best cold brew I've ever had
F-10583,8,494,20231204,2023-12-04,3,3,4,
F-10584,11,415,20240730,2024-07-30,5,5,5,Music was too loud
F-10585,7,313,20221123,2022-11-23,3,4,3,Nice atmosphere
F-10586,7,,20240506,2024-05-06,4,3,4,"Great wifi, perfect for working"
F-10587,6,71,20230622,2023-06-22,5,5,5,Best cold brew I've ever had
F-10588,12,249,20221029,2022-10-29,5,5,5,
F-10589,12,,20241212,2024-12-12,4,4,4,Best cold brew I've ever had
F-10590,2,425,20220930,2022-09-30,2,2,2,
F-10591,11,163,20230812,2023-08-12,2,2,2,Best latte in town!
F-10592,7,170,20220606,2022-06-06,4,5,4,"Great wifi, perfect for working"
F-10593,10,136,20220709,2022-07-09,3,4,3,Disappointed with portion size
F-10594,9,,20230802,2023-08-02,4,4,4,Food options are limited
F-10595,2,264,20230623,2023-06-23,4,3,4,"Great coffee, friendly staff"
F-10596,1,443,20231112,2023-11-12,4,3,4,Love the new seasonal blend
F-10597,4,112,20230710,2023-07-10,4,4,4,Nice atmosphere
F-10598,8,140,20231203,2023-12-03,4,3,4,Staff seemed rushed and distracted
F-10599,8,3,20231023,2023-10-23,5,5,4,Order was wrong
F-10600,9,274,20230703,2023-07-03,2,2,2,Pastries were fresh and delicious
F-10601,1,195,20220906,2022-09-06,5,5,5,Love the new seasonal blend
F-10602,4,1,20240916,2024-09-16,4,5,4,
F-10603,12,292,20230110,2023-01-10,3,4,3,Excellent service as always
F-10604,3,486,20240818,2024-08-18,4,3,4,Beautiful interior design
F-10605,9,230,20231225,2023-12-25,3,3,4,Barista was incredibly helpful
F-10606,2,438,20230822,2023-08-22,5,5,5,Quick and efficient service
F-10607,3,,20230227,2023-02-27,4,3,4,Love the loyalty program rewards
F-10608,4,361,20240717,2024-07-17,3,3,2,Excellent service as always
F-10609,6,,20240116,2024-01-16,5,5,5,Staff seemed rushed and distracted
F-10610,4,237,20240130,2024-01-30,4,5,4,Disappointed with portion size
F-10611,8,,20240728,2024-07-28,2,2,2,"Too crowded, hard to find a seat"
F-10612,7,,20220607,2022-06-07,3,2,3,Best cold brew I've ever had
F-10613,7,,20220721,2022-07-21,4,4,4,Clean and well-maintained store
F-10614,12,96,20240218,2024-02-18,5,5,5,Beautiful interior design
F-10615,1,,20241014,2024-10-14,4,3,3,Clean and well-maintained store
F-10616,7,,20240331,2024-03-31,5,5,5,Barista was incredibly helpful
F-10617,12,,20230925,2023-09-25,3,3,4,Coffee was lukewarm
F-10618,11,,20230224,2023-02-24,4,4,4,Barista was incredibly helpful
F-10619,9,429,20230416,2023-04-16,2,2,2,Clean and well-maintained store
F-10620,10,,20221221,2022-12-21,2,3,2,Quick and efficient service
F-10621,10,24,20231113,2023-11-13,3,2,3,Staff seemed rushed and distracted
F-10622,1,,20240331,2024-03-31,5,5,5,Price increase was noticeable
F-10623,7,418,20241226,2024-12-26,3,3,3,Love the loyalty program rewards
F-10624,2,280,20231121,2023-11-21,4,3,3,Excellent service as always
F-10625,10,371,20230208,2023-02-08,5,4,5,Price increase was noticeable
F-10626,6,320,20230404,2023-04-04,5,5,4,Love the loyalty program rewards
F-10627,12,,20240602,2024-06-02,5,5,5,
F-10628,4,253,20230517,2023-05-17,5,5,4,Perfect morning spot
F-10629,10,192,20241006,2024-10-06,4,4,4,Staff seemed rushed and distracted
F-10630,2,421,20240103,2024-01-03,5,5,4,
F-10631,9,,20221016,2022-10-16,4,3,4,
F-10632,5,84,20240118,2024-01-18,3,3,4,Best latte in town!
F-10633,11,415,20241204,2024-12-04,5,5,5,Parking is always a challenge
F-10634,12,,20220810,2022-08-10,4,4,3,Love the loyalty program rewards
F-10635,3,,20230830,2023-08-30,5,5,5,Coffee was lukewarm
F-10636,3,23,20220720,2022-07-20,5,5,5,Barista was incredibly helpful
F-10637,9,,20230430,2023-04-30,5,5,5,Barista was incredibly helpful
F-10638,12,,20221219,2022-12-19,3,3,2,
F-10639,2,465,20241118,2024-11-18,4,5,5,Best latte in town!
F-10640,8,177,20230207,2023-02-07,4,4,4,Nice atmosphere
F-10641,5,67,20240314,2024-03-14,3,3,3,Nice atmosphere
F-10642,3,192,20231105,2023-11-05,4,4,4,Perfect morning spot
F-10643,7,339,20241130,2024-11-30,4,4,4,Clean and well-maintained store
F-10644,12,,20220623,2022-06-23,4,4,4,Parking is always a challenge
F-10645,2,,20220726,2022-07-26,3,3,3,Price increase was noticeable
F-10646,5,330,20221031,2022-10-31,5,4,5,Best cold brew I've ever had
F-10647,5,409,20220801,2022-08-01,4,4,4,Barista was incredibly helpful
F-10648,4,106,20240224,2024-02-24,4,4,5,Beautiful interior design
F-10649,9,,20230605,2023-06-05,5,4,5,"Great coffee, friendly staff"
F-10650,7,,20240515,2024-05-15,5,4,5,Excellent service as always
F-10651,9,323,20220810,2022-08-10,4,3,4,
F-10652,5,,20230919,2023-09-19,5,5,5,Love the loyalty program rewards
F-10653,10,,20230804,2023-08-04,5,5,5,Music was too loud
F-10654,11,426,20230814,2023-08-14,4,3,4,
F-10655,2,162,20240624,2024-06-24,3,3,3,
F-10656,1,84,20221225,2022-12-25,4,4,4,Staff seemed rushed and distracted
F-10657,12,,20221124,2022-11-24,5,5,5,Staff seemed rushed and distracted
F-10658,8,496,20220917,2022-09-17,4,3,4,Food options are limited
F-10659,4,154,20220927,2022-09-27,4,3,4,Love the loyalty program rewards
F-10660,2,82,20240804,2024-08-04,5,4,5,"Great coffee, friendly staff"
F-10661,12,,20230826,2023-08-26,5,5,5,Barista was incredibly helpful
F-10662,3,260,20230210,2023-02-10,4,4,4,Staff seemed rushed and distracted
F-10663,11,,20240624,2024-06-24,3,4,3,
F-10664,11,,20220707,2022-07-07,4,3,4,Order was wrong
F-10665,5,253,20240803,2024-08-03,5,5,5,Coffee was lukewarm
F-10666,9,240,20221130,2022-11-30,2,2,2,Love the new seasonal blend
F-10667,11,349,20241219,2024-12-19,3,4,3,"Too crowded, hard to find a seat"
F-10668,11,232,20231011,2023-10-11,3,3,3,Quick and efficient service
F-10669,5,419,20231128,2023-11-28,4,3,4,Coffee was lukewarm
F-10670,12,424,20230306,2023-03-06,4,5,3,Love the loyalty program rewards
F-10671,3,,20240116,2024-01-16,4,4,3,Barista was incredibly helpful
F-10672,11,,20230205,2023-02-05,3,3,3,Best cold brew I've ever had
F-10673,5,427,20220719,2022-07-19,3,3,3,Perfect morning spot
F-10674,3,,20220815,2022-08-15,5,5,5,Food options are limited
F-10675,9,112,20221010,2022-10-10,4,5,4,Beautiful interior design
F-10676,5,70,20230419,2023-04-19,3,2,3,Best cold brew I've ever had
F-10677,9,,20230912,2023-09-12,3,3,3,Music was too loud
F-10678,11,,20241217,2024-12-17,5,5,5,"Too crowded, hard to find a seat"
F-10679,9,,20231116,2023-11-16,4,4,4,Love the loyalty program rewards
F-10680,8,91,20240302,2024-03-02,3,3,3,Coffee was lukewarm
F-10681,10,283,20241001,2024-10-01,4,4,4,"Too crowded, hard to find a seat"
F-10682,8,337,20241210,2024-12-10,5,4,5,Clean and well-maintained store
F-10683,12,274,20240823,2024-08-23,2,2,2,
F-10684,5,167,20240316,2024-03-16,5,5,5,Pastries were fresh and delicious
F-10685,5,192,20230621,2023-06-21,3,2,3,Beautiful interior design
F-10686,11,,20230601,2023-06-01,5,5,4,
F-10687,3,297,20240123,2024-01-23,4,4,3,
F-10688,8,310,20221105,2022-11-05,5,5,5,Not enough oat milk options
F-10689,4,,20240427,2024-04-27,4,5,4,Music was too loud
F-10690,8,,20220927,2022-09-27,2,2,2,Perfect morning spot
F-10691,8,,20230518,2023-05-18,4,4,4,"Great coffee, friendly staff"
F-10692,6,318,20231231,2023-12-31,5,4,5,Order was wrong
F-10693,5,,20241123,2024-11-23,4,4,4,Coffee was lukewarm
F-10694,1,,20240627,2024-06-27,3,3,3,Nice atmosphere
F-10695,6,20,20240406,2024-04-06,3,2,2,Love the loyalty program rewards
F-10696,5,396,20230629,2023-06-29,3,3,3,Beautiful interior design
F-10697,10,,20240807,2024-08-07,3,2,3,Excellent service as always
F-10698,11,,20231217,2023-12-17,5,5,5,
F-10699,3,339,20221003,2022-10-03,4,4,5,Price increase was noticeable
F-10700,12,291,20221122,2022-11-22,4,5,4,
F-10701,7,,20221018,2022-10-18,5,5,5,Parking is always a challenge
F-10702,7,140,20230819,2023-08-19,3,3,3,Love the new seasonal blend
F-10703,12,,20241113,2024-11-13,4,5,4,Parking is always a challenge
F-10704,1,,20240304,2024-03-04,5,5,5,Food options are limited
F-10705,4,286,20241216,2024-12-16,5,4,5,
F-10706,7,3,20240717,2024-07-17,3,4,3,Food options are limited
F-10707,8,,20240728,2024-07-28,5,5,5,Long wait time today
F-10708,5,224,20241023,2024-10-23,3,4,2,"Too crowded, hard to find a seat"
F-10709,7,,20230331,2023-03-31,4,5,3,Food options are limited
F-10710,12,,20220601,2022-06-01,4,4,4,Coffee was lukewarm
F-10711,4,257,20220727,2022-07-27,5,5,5,Pastries were fresh and delicious
F-10712,8,37,20240416,2024-04-16,5,5,5,Price increase was noticeable
F-10713,12,156,20221012,2022-10-12,5,4,5,Pastries were fresh and delicious
F-10714,4,,20240211,2024-02-11,5,5,5,Best cold brew I've ever had
F-10715,8,199,20240710,2024-07-10,4,4,4,"Great coffee, friendly staff"
F-10716,6,183,20230911,2023-09-11,5,4,5,Price increase was noticeable
F-10717,3,,20221122,2022-11-22,2,2,1,Music was too loud
F-10718,9,208,20230618,2023-06-18,4,4,5,Order was wrong
F-10719,8,31,20231217,2023-12-17,5,5,5,Disappointed with portion size
F-10720,2,425,20220707,2022-07-07,5,4,5,Price increase was noticeable
F-10721,7,,20241229,2024-12-29,5,5,5,Nice atmosphere
F-10722,5,,20241203,2024-12-03,3,2,3,Nice atmosphere
F-10723,7,237,20241121,2024-11-21,5,5,5,Barista was incredibly helpful
F-10724,1,152,20220708,2022-07-08,5,5,4,Food options are limited
F-10725,1,98,20220909,2022-09-09,5,4,5,Best latte in town!
F-10726,6,77,20240831,2024-08-31,2,3,2,Food options are limited
F-10727,12,,20241229,2024-12-29,5,5,5,Long wait time today
F-10728,10,342,20221106,2022-11-06,5,5,5,Best latte in town!
F-10729,6,133,20230310,2023-03-10,4,3,4,Music was too loud
F-10730,5,59,20230408,2023-04-08,4,3,4,Long wait time today
F-10731,3,127,20240911,2024-09-11,5,5,5,Clean and well-maintained store
F-10732,3,176,20221113,2022-11-13,4,5,5,
F-10733,9,382,20240919,2024-09-19,4,3,4,Quick and efficient service
F-10734,5,108,20220714,2022-07-14,5,4,5,Barista was incredibly helpful
F-10735,10,167,20230906,2023-09-06,3,4,3,"Too crowded, hard to find a seat"
F-10736,9,,20240203,2024-02-03,5,4,5,
F-10737,5,,20231012,2023-10-12,4,5,3,
F-10738,8,472,20240521,2024-05-21,3,3,3,
F-10739,7,,20221009,2022-10-09,5,4,5,"Too crowded, hard to find a seat"
F-10740,8,,20240808,2024-08-08,4,4,4,
F-10741,5,152,20241210,2024-12-10,4,5,4,Best cold brew I've ever had
F-10742,3,,20230730,2023-07-30,3,2,4,"Great coffee, friendly staff"
F-10743,1,,20241009,2024-10-09,5,5,5,"Great coffee, friendly staff"
F-10744,6,457,20231031,2023-10-31,5,5,5,Staff seemed rushed and distracted
F-10745,1,426,20240307,2024-03-07,5,5,5,Best cold brew I've ever had
F-10746,2,120,20230522,2023-05-22,5,5,5,Music was too loud
F-10747,8,,20241231,2024-12-31,2,2,1,Love the loyalty program rewards
F-10748,1,202,20241019,2024-10-19,5,5,5,
F-10749,4,,20230706,2023-07-06,4,5,5,Nice atmosphere
F-10750,12,,20231023,2023-10-23,5,5,5,Order was wrong
F-10751,6,364,20230904,2023-09-04,3,3,2,Parking is always a challenge
F-10752,5,,20241114,2024-11-14,3,4,3,Quick and efficient service
F-10753,2,212,20231101,2023-11-01,4,4,4,Long wait time today
F-10754,11,357,20240307,2024-03-07,4,4,4,Quick and efficient service
F-10755,11,255,20220904,2022-09-04,4,3,5,Pastries were fresh and delicious
F-10756,3,314,20241005,2024-10-05,3,3,3,Clean and well-maintained store
F-10757,2,184,20220630,2022-06-30,4,4,4,Food options are limited
F-10758,9,370,20221128,2022-11-28,4,4,3,Food options are limited
F-10759,7,488,20230311,2023-03-11,5,5,5,Price increase was noticeable
F-10760,5,60,20240909,2024-09-09,2,1,1,"Great wifi, perfect for working"
F-10761,9,92,20230117,2023-01-17,5,4,5,Price increase was noticeable
F-10762,7,,20240315,2024-03-15,4,4,4,Beautiful interior design
F-10763,5,455,20221205,2022-12-05,3,3,3,Parking is always a challenge
F-10764,11,,20231115,2023-11-15,5,5,5,Price increase was noticeable
F-10765,5,,20220726,2022-07-26,5,4,5,Love the new seasonal blend
F-10766,10,,20241021,2024-10-21,5,5,4,Long wait time today
F-10767,4,386,20241030,2024-10-30,4,4,5,Pastries were fresh and delicious
F-10768,7,128,20241011,2024-10-11,5,5,5,"Great wifi, perfect for working"
F-10769,11,254,20241110,2024-11-10,4,4,4,Best cold brew I've ever had
F-10770,5,5,20221104,2022-11-04,4,3,3,Excellent service as always
F-10771,11,,20230725,2023-07-25,5,5,4,Not enough oat milk options
F-10772,5,,20240809,2024-08-09,5,5,5,Long wait time today
F-10773,4,288,20240712,2024-07-12,4,3,4,Perfect morning spot
F-10774,8,356,20220630,2022-06-30,4,4,4,Perfect morning spot
F-10775,6,300,20221017,2022-10-17,2,2,3,"Too crowded, hard to find a seat"
F-10776,6,325,20240126,2024-01-26,3,3,3,Pastries were fresh and delicious
F-10777,2,,20240831,2024-08-31,5,5,5,Parking is always a challenge
F-10778,9,238,20241113,2024-11-13,4,4,4,Parking is always a challenge
F-10779,8,7,20240302,2024-03-02,2,3,2,Quick and efficient service
F-10780,4,164,20230806,2023-08-06,5,5,5,Barista was incredibly helpful
F-10781,4,259,20230426,2023-04-26,5,5,5,Clean and well-maintained store
F-10782,5,67,20240813,2024-08-13,3,3,3,"Too crowded, hard to find a seat"
F-10783,1,,20230723,2023-07-23,4,4,4,
F-10784,2,406,20240314,2024-03-14,5,5,5,Beautiful interior design
F-10785,4,6,20230711,2023-07-11,4,4,4,
F-10786,5,,20240719,2024-07-19,4,3,4,Price increase was noticeable
F-10787,1,447,20240129,2024-01-29,4,4,4,Parking is always a challenge
F-10788,3,,20221125,2022-11-25,4,4,3,Pastries were fresh and delicious
F-10789,9,,20231212,2023-12-12,5,5,4,
F-10790,4,,20240209,2024-02-09,4,5,3,
F-10791,2,,20231221,2023-12-21,5,5,4,Nice atmosphere
F-10792,8,289,20230329,2023-03-29,2,3,3,Perfect morning spot
F-10793,4,391,20240108,2024-01-08,3,2,3,Price increase was noticeable
F-10794,12,,20241116,2024-11-16,4,3,5,Disappointed with portion size
F-10795,7,344,20230329,2023-03-29,5,5,5,Food options are limited
F-10796,4,392,20231130,2023-11-30,5,5,4,Love the loyalty program rewards
F-10797,7,,20230203,2023-02-03,5,5,5,Clean and well-maintained store
F-10798,5,,20240119,2024-01-19,5,5,5,Not enough oat milk options
F-10799,2,,20241008,2024-10-08,5,5,5,Price increase was noticeable
F-10800,11,,20221023,2022-10-23,4,3,4,
F-10801,2,244,20230717,2023-07-17,4,5,5,Price increase was noticeable
F-10802,10,12,20231204,2023-12-04,4,3,4,Beautiful interior design
F-10803,9,,20240723,2024-07-23,5,5,5,
F-10804,5,443,20230705,2023-07-05,4,5,4,Beautiful interior design
F-10805,7,450,20221023,2022-10-23,4,4,4,Love the loyalty program rewards
F-10806,6,201,20230605,2023-06-05,4,3,4,Pastries were fresh and delicious
F-10807,5,5,20231102,2023-11-02,5,4,5,Love the loyalty program rewards
F-10808,11,356,20240115,2024-01-15,5,5,5,Quick and efficient service
F-10809,10,,20240618,2024-06-18,5,5,5,Coffee was lukewarm
F-10810,11,,20231023,2023-10-23,4,5,4,Barista was incredibly helpful
F-10811,3,5,20230312,2023-03-12,5,5,5,Clean and well-maintained store
F-10812,10,,20220830,2022-08-30,5,5,5,Love the loyalty program rewards
F-10813,6,473,20240813,2024-08-13,4,5,4,Food options are limited
F-10814,3,54,20241216,2024-12-16,4,4,4,Love the new seasonal blend
F-10815,5,139,20230908,2023-09-08,2,2,2,Parking is always a challenge
F-10816,4,399,20241104,2024-11-04,3,2,3,Perfect morning spot
F-10817,1,239,20230622,2023-06-22,5,4,5,"Too crowded, hard to find a seat"
F-10818,4,365,20241103,2024-11-03,4,3,4,Food options are limited
F-10819,3,145,20240715,2024-07-15,3,3,3,Price increase was noticeable
F-10820,2,182,20231102,2023-11-02,5,4,5,Barista was incredibly helpful
F-10821,12,164,20230918,2023-09-18,4,5,3,Music was too loud
F-10822,10,,20230201,2023-02-01,5,5,5,Not enough oat milk options
F-10823,10,60,20230425,2023-04-25,4,4,4,"Too crowded, hard to find a seat"
F-10824,1,,20221024,2022-10-24,5,5,5,Best latte in town!
F-10825,3,269,20240607,2024-06-07,2,3,2,Best latte in town!
F-10826,6,,20230408,2023-04-08,4,3,3,
F-10827,9,46,20240703,2024-07-03,5,5,5,Music was too loud
F-10828,5,259,20230419,2023-04-19,4,3,4,Price increase was noticeable
F-10829,7,29,20221227,2022-12-27,5,5,5,
F-10830,1,,20240127,2024-01-27,4,4,4,Barista was incredibly helpful
F-10831,1,204,20240310,2024-03-10,4,3,4,"Great wifi, perfect for working"
F-10832,11,28,20240517,2024-05-17,4,3,5,Pastries were fresh and delicious
F-10833,2,232,20240509,2024-05-09,3,3,3,Quick and efficient service
F-10834,9,279,20221103,2022-11-03,5,5,4,Long wait time today
F-10835,2,,20230715,2023-07-15,4,4,5,Long wait time today
F-10836,7,,20230106,2023-01-06,2,2,1,Price increase was noticeable
F-10837,8,15,20241201,2024-12-01,4,4,4,Price increase was noticeable
F-10838,5,153,20230921,2023-09-21,4,4,4,Pastries were fresh and delicious
F-10839,7,,20240914,2024-09-14,4,3,4,Beautiful interior design
F-10840,8,,20221024,2022-10-24,4,5,4,Love the loyalty program rewards
F-10841,7,352,20230829,2023-08-29,3,4,4,Best cold brew I've ever had
F-10842,7,110,20230303,2023-03-03,3,3,2,Beautiful interior design
F-10843,5,104,20230912,2023-09-12,5,4,5,Pastries were fresh and delicious
F-10844,4,,20221223,2022-12-23,4,4,4,"Too crowded, hard to find a seat"
F-10845,6,,20240722,2024-07-22,5,5,5,Disappointed with portion size
F-10846,7,378,20230211,2023-02-11,3,3,4,Order was wrong
F-10847,6,164,20230526,2023-05-26,4,4,4,Music was too loud
F-10848,9,475,20230721,2023-07-21,4,3,5,Long wait time today
F-10849,8,,20230127,2023-01-27,4,4,4,Price increase was noticeable
F-10850,6,,20230905,2023-09-05,4,4,4,Price increase was noticeable
F-10851,12,471,20230404,2023-04-04,5,5,5,Best cold brew I've ever had
F-10852,12,250,20231104,2023-11-04,3,4,3,Coffee was lukewarm
F-10853,6,152,20220921,2022-09-21,2,3,1,Parking is always a challenge
F-10854,2,,20230204,2023-02-04,5,4,5,Music was too loud
F-10855,4,410,20240715,2024-07-15,4,3,5,Quick and efficient service
F-10856,3,,20240508,2024-05-08,5,5,4,Clean and well-maintained store
F-10857,2,312,20231201,2023-12-01,4,5,5,Not enough oat milk options
F-10858,9,311,20221204,2022-12-04,5,5,5,Nice atmosphere
F-10859,7,,20240430,2024-04-30,3,3,4,Long wait time today
F-10860,6,,20231221,2023-12-21,4,4,5,"Too crowded, hard to find a seat"
F-10861,1,351,20220820,2022-08-20,5,5,5,Excellent service as always
F-10862,7,264,20220801,2022-08-01,4,3,4,Nice atmosphere
F-10863,7,,20240322,2024-03-22,5,5,5,Food options are limited
F-10864,5,,20230521,2023-05-21,4,5,4,Best cold brew I've ever had
F-10865,2,,20220722,2022-07-22,5,5,5,Barista was incredibly helpful
F-10866,4,336,20240604,2024-06-04,5,5,5,Disappointed with portion size
F-10867,3,237,20220827,2022-08-27,2,2,2,Best cold brew I've ever had
F-10868,8,,20241215,2024-12-15,5,5,5,Clean and well-maintained store
F-10869,10,,20231116,2023-11-16,3,3,3,Beautiful interior design
F-10870,6,,20230513,2023-05-13,4,3,4,Beautiful interior design
F-10871,7,,20241122,2024-11-22,4,4,5,Order was wrong
F-10872,6,,20240316,2024-03-16,4,5,3,Perfect morning spot
F-10873,11,275,20230329,2023-03-29,5,5,5,Pastries were fresh and delicious
F-10874,5,98,20231102,2023-11-02,3,2,3,Staff seemed rushed and distracted
F-10875,10,152,20230611,2023-06-11,4,3,4,Best cold brew I've ever had
F-10876,5,,20240226,2024-02-26,4,4,4,Disappointed with portion size
F-10877,2,,20221007,2022-10-07,5,5,4,Love the new seasonal blend
F-10878,10,262,20230117,2023-01-17,5,5,5,Excellent service as always
F-10879,5,371,20240331,2024-03-31,4,5,4,Parking is always a challenge
F-10880,12,330,20240330,2024-03-30,4,3,3,Order was wrong
F-10881,9,398,20221114,2022-11-14,4,5,5,Beautiful interior design
F-10882,5,475,20221008,2022-10-08,4,4,4,Nice atmosphere
F-10883,8,415,20240527,2024-05-27,4,3,5,
F-10884,5,498,20240310,2024-03-10,4,5,4,Love the loyalty program rewards
F-10885,5,,20240819,2024-08-19,5,5,5,Not enough oat milk options
F-10886,11,,20230107,2023-01-07,3,3,3,"Great coffee, friendly staff"
F-10887,1,437,20240630,2024-06-30,4,4,4,Staff seemed rushed and distracted
F-10888,5,,20221106,2022-11-06,3,3,3,Barista was incredibly helpful
F-10889,4,160,20230822,2023-08-22,4,4,4,Disappointed with portion size
F-10890,8,319,20230417,2023-04-17,3,2,3,Love the loyalty program rewards
F-10891,5,,20230107,2023-01-07,3,3,3,Love the loyalty program rewards
F-10892,1,368,20240222,2024-02-22,5,5,5,Music was too loud
F-10893,11,423,20221205,2022-12-05,4,5,4,Long wait time today
F-10894,8,,20240413,2024-04-13,2,2,2,Price increase was noticeable
F-10895,5,,20230311,2023-03-11,4,5,4,Parking is always a challenge
F-10896,11,132,20241114,2024-11-14,4,4,4,
F-10897,4,288,20230606,2023-06-06,5,4,5,Order was wrong
F-10898,7,52,20230815,2023-08-15,5,5,5,Staff seemed rushed and distracted
F-10899,2,454,20220701,2022-07-01,5,4,5,Long wait time today
F-10900,9,88,20240612,2024-06-12,3,3,3,Nice atmosphere
F-10901,3,267,20240614,2024-06-14,5,5,5,Food options are limited
F-10902,3,291,20221030,2022-10-30,3,2,3,Not enough oat milk options
F-10903,12,411,20240409,2024-04-09,4,4,4,Staff seemed rushed and distracted
F-10904,8,35,20230628,2023-06-28,5,5,5,
F-10905,7,189,20240828,2024-08-28,4,4,4,Love the loyalty program rewards
F-10906,7,,20241215,2024-12-15,2,2,2,Love the loyalty program rewards
F-10907,3,,20240430,2024-04-30,5,5,5,Best cold brew I've ever had
F-10908,3,162,20240529,2024-05-29,5,5,4,Best latte in town!
F-10909,7,487,20241122,2024-11-22,5,4,5,Beautiful interior design
F-10910,9,,20220809,2022-08-09,4,4,4,Food options are limited
F-10911,10,108,20230606,2023-06-06,4,4,4,Price increase was noticeable
F-10912,9,447,20230507,2023-05-07,4,3,3,Barista was incredibly helpful
F-10913,6,268,20220607,2022-06-07,5,5,5,"Too crowded, hard to find a seat"
F-10914,3,,20240224,2024-02-24,4,3,5,"Great coffee, friendly staff"
F-10915,2,,20240503,2024-05-03,5,5,5,Long wait time today
F-10916,12,12,20240715,2024-07-15,2,2,1,Order was wrong
F-10917,1,,20230723,2023-07-23,4,3,4,Best cold brew I've ever had
F-10918,5,,20230710,2023-07-10,4,4,4,Food options are limited
F-10919,8,56,20230911,2023-09-11,4,4,4,Price increase was noticeable
F-10920,10,317,20240102,2024-01-02,3,3,3,Price increase was noticeable
F-10921,7,21,20240409,2024-04-09,5,5,5,Staff seemed rushed and distracted
F-10922,3,,20231203,2023-12-03,4,3,5,Clean and well-maintained store
F-10923,8,288,20230830,2023-08-30,4,4,4,
F-10924,4,468,20220930,2022-09-30,5,5,5,Pastries were fresh and delicious
F-10925,10,,20230823,2023-08-23,5,5,5,"Too crowded, hard to find a seat"
F-10926,1,379,20230319,2023-03-19,5,4,5,Excellent service as always
F-10927,2,156,20220801,2022-08-01,4,4,5,
F-10928,4,,20231231,2023-12-31,2,2,1,Parking is always a challenge
F-10929,9,,20240222,2024-02-22,5,4,5,Nice atmosphere
F-10930,3,,20241123,2024-11-23,3,2,2,
F-10931,8,129,20221104,2022-11-04,4,3,4,Beautiful interior design
F-10932,5,,20231206,2023-12-06,4,5,4,Clean and well-maintained store
F-10933,7,,20220723,2022-07-23,5,5,4,Best latte in town!
F-10934,2,411,20230421,2023-04-21,4,5,5,Excellent service as always
F-10935,2,202,20241108,2024-11-08,3,4,2,Love the loyalty program rewards
F-10936,10,,20240424,2024-04-24,4,4,3,Price increase was noticeable
F-10937,8,,20240504,2024-05-04,5,5,5,Long wait time today
F-10938,1,441,20230502,2023-05-02,3,3,3,Food options are limited
F-10939,9,,20240419,2024-04-19,3,3,2,Perfect morning spot
F-10940,4,398,20221217,2022-12-17,4,5,5,Staff seemed rushed and distracted
F-10941,10,82,20230520,2023-05-20,4,4,5,
F-10942,4,182,20230621,2023-06-21,4,3,4,Quick and efficient service
F-10943,3,,20221123,2022-11-23,5,5,5,Coffee was lukewarm
F-10944,1,382,20240902,2024-09-02,3,3,3,Order was wrong
F-10945,10,79,20230830,2023-08-30,5,4,5,
F-10946,4,,20220920,2022-09-20,5,5,5,"Great wifi, perfect for working"
F-10947,1,151,20241116,2024-11-16,5,4,5,Pastries were fresh and delicious
F-10948,6,454,20220712,2022-07-12,5,5,5,Perfect morning spot
F-10949,9,,20231021,2023-10-21,3,3,3,Disappointed with portion size
F-10950,3,,20221215,2022-12-15,5,5,5,Love the loyalty program rewards
F-10951,4,82,20240831,2024-08-31,5,5,5,Quick and efficient service
F-10952,2,310,20240725,2024-07-25,4,4,3,Not enough oat milk options
F-10953,3,,20240819,2024-08-19,3,4,3,Best cold brew I've ever had
F-10954,12,482,20230123,2023-01-23,5,5,5,Long wait time today
F-10955,9,424,20230905,2023-09-05,5,5,4,Not enough oat milk options
F-10956,10,120,20240406,2024-04-06,4,3,4,Parking is always a challenge
F-10957,2,374,20231213,2023-12-13,4,4,3,Excellent service as always
F-10958,2,346,20220815,2022-08-15,5,4,5,
F-10959,12,134,20240607,2024-06-07,4,3,3,
F-10960,1,350,20231206,2023-12-06,4,4,4,Clean and well-maintained store
F-10961,4,,20230726,2023-07-26,5,5,5,Clean and well-maintained store
F-10962,11,,20240901,2024-09-01,5,5,4,Pastries were fresh and delicious
F-10963,5,,20221209,2022-12-09,3,4,3,"Great coffee, friendly staff"
F-10964,7,452,20230325,2023-03-25,5,5,5,Long wait time today
F-10965,6,490,20230626,2023-06-26,4,4,5,
F-10966,1,,20231022,2023-10-22,4,3,4,Parking is always a challenge
F-10967,9,330,20241012,2024-10-12,4,4,4,Perfect morning spot
F-10968,8,,20240528,2024-05-28,4,3,4,Clean and well-maintained store
F-10969,9,202,20240908,2024-09-08,5,5,5,Love the new seasonal blend
F-10970,9,,20231209,2023-12-09,5,5,5,"Too crowded, hard to find a seat"
F-10971,11,157,20230824,2023-08-24,4,4,4,Best latte in town!
F-10972,6,329,20220926,2022-09-26,3,3,3,Parking is always a challenge
F-10973,9,198,20240925,2024-09-25,3,3,3,Beautiful interior design
F-10974,6,93,20240612,2024-06-12,3,2,3,
F-10975,1,403,20230430,2023-04-30,4,4,4,Music was too loud
F-10976,8,,20240927,2024-09-27,4,4,3,Beautiful interior design
F-10977,2,,20230223,2023-02-23,4,3,4,
F-10978,10,,20241123,2024-11-23,4,3,3,"Great wifi, perfect for working"
F-10979,4,,20221129,2022-11-29,4,4,3,Best latte in town!
F-10980,3,71,20241003,2024-10-03,3,3,3,"Too crowded, hard to find a seat"
F-10981,6,454,20240417,2024-04-17,5,5,5,Coffee was lukewarm
F-10982,1,217,20230515,2023-05-15,5,4,5,Not enough oat milk options
F-10983,9,289,20240610,2024-06-10,4,5,4,Not enough oat milk options
F-10984,12,,20230317,2023-03-17,5,5,5,
F-10985,5,65,20240210,2024-02-10,3,3,3,Coffee was lukewarm
F-10986,8,395,20230118,2023-01-18,5,5,5,Price increase was noticeable
F-10987,9,,20241209,2024-12-09,4,4,4,
F-10988,6,,20220723,2022-07-23,2,2,2,Disappointed with portion size
F-10989,5,79,20221218,2022-12-18,4,4,4,
F-10990,7,,20241027,2024-10-27,5,5,5,Long wait time today
F-10991,4,199,20221210,2022-12-10,5,5,5,Coffee was lukewarm
F-10992,11,218,20231031,2023-10-31,3,2,3,Pastries were fresh and delicious
F-10993,2,159,20230111,2023-01-11,4,4,5,"Too crowded, hard to find a seat"
F-10994,7,254,20230508,2023-05-08,3,3,3,"Great coffee, friendly staff"
F-10995,6,,20240305,2024-03-05,5,5,5,Excellent service as always
F-10996,5,,20240627,2024-06-27,2,1,3,"Great wifi, perfect for working"
F-10997,1,,20220927,2022-09-27,5,5,5,
F-10998,12,177,20240920,2024-09-20,4,4,3,Long wait time today
F-10999,8,240,20221001,2022-10-01,4,3,4,Music was too loud
F-11000,5,92,20230609,2023-06-09,5,4,5,Not enough oat milk options
F-11001,4,,20240509,2024-05-09,4,3,4,Love the new seasonal blend
F-11002,11,,20231030,2023-10-30,4,3,4,Nice atmosphere
F-11003,7,214,20240529,2024-05-29,4,4,5,
F-11004,8,316,20231216,2023-12-16,4,3,4,Quick and efficient service
F-11005,11,493,20240918,2024-09-18,4,4,4,Price increase was noticeable
F-11006,2,113,20241104,2024-11-04,5,5,5,Quick and efficient service
F-11007,9,405,20230319,2023-03-19,3,3,3,Parking is always a challenge
F-11008,1,16,20220617,2022-06-17,4,4,4,Nice atmosphere
F-11009,6,263,20220712,2022-07-12,4,3,4,Parking is always a challenge
F-11010,5,330,20230612,2023-06-12,4,3,4,Barista was incredibly helpful
F-11011,3,310,20220711,2022-07-11,5,5,5,Parking is always a challenge
F-11012,8,96,20220928,2022-09-28,5,5,5,Beautiful interior design
F-11013,8,88,20220908,2022-09-08,3,3,3,Long wait time today
F-11014,3,151,20240321,2024-03-21,5,5,5,Quick and efficient service
F-11015,2,263,20240824,2024-08-24,5,5,4,Best cold brew I've ever had
F-11016,8,19,20220914,2022-09-14,3,3,2,
F-11017,6,,20230827,2023-08-27,5,5,4,Excellent service as always
F-11018,10,21,20241105,2024-11-05,5,5,4,
F-11019,2,23,20241009,2024-10-09,2,2,1,Barista was incredibly helpful
F-11020,1,248,20231124,2023-11-24,4,4,4,
F-11021,10,136,20240820,2024-08-20,5,5,5,"Great wifi, perfect for working"
F-11022,11,73,20231209,2023-12-09,5,5,5,Beautiful interior design
F-11023,6,304,20240523,2024-05-23,5,5,5,Price increase was noticeable
F-11024,1,240,20241028,2024-10-28,5,5,5,Love the new seasonal blend
F-11025,10,,20230209,2023-02-09,4,4,3,Long wait time today
F-11026,10,175,20240710,2024-07-10,4,4,4,Best latte in town!
F-11027,8,184,20220918,2022-09-18,4,3,4,Food options are limited
F-11028,1,,20230618,2023-06-18,4,3,5,Beautiful interior design
F-11029,2,278,20240125,2024-01-25,5,5,5,Parking is always a challenge
F-11030,8,,20230104,2023-01-04,4,4,3,Long wait time today
F-11031,11,49,20221214,2022-12-14,3,3,3,Quick and efficient service
F-11032,10,,20241214,2024-12-14,4,4,4,"Too crowded, hard to find a seat"
F-11033,8,,20230208,2023-02-08,3,3,3,Staff seemed rushed and distracted
F-11034,8,,20231206,2023-12-06,4,5,3,Parking is always a challenge
F-11035,3,454,20220804,2022-08-04,3,3,2,Order was wrong
F-11036,8,57,20220905,2022-09-05,4,4,4,"Great coffee, friendly staff"
F-11037,3,150,20230606,2023-06-06,3,3,3,Excellent service as always
F-11038,12,26,20230523,2023-05-23,4,4,4,
F-11039,6,200,20240706,2024-07-06,5,4,4,Love the new seasonal blend
F-11040,9,,20220914,2022-09-14,4,4,4,Food options are limited
F-11041,1,,20240621,2024-06-21,5,5,4,Price increase was noticeable
F-11042,7,,20230215,2023-02-15,4,4,4,"Too crowded, hard to find a seat"
F-11043,10,366,20240403,2024-04-03,4,4,3,Best latte in town!
F-11044,12,,20240815,2024-08-15,4,4,5,Pastries were fresh and delicious
F-11045,10,438,20240821,2024-08-21,5,5,5,Beautiful interior design
F-11046,6,407,20231207,2023-12-07,4,4,3,Long wait time today
F-11047,8,,20230709,2023-07-09,5,5,5,Coffee was lukewarm
F-11048,1,454,20230116,2023-01-16,5,4,5,Not enough oat milk options
F-11049,7,107,20240323,2024-03-23,4,5,4,Clean and well-maintained store
F-11050,5,,20240817,2024-08-17,2,2,2,"Great coffee, friendly staff"
F-11051,7,144,20230404,2023-04-04,4,3,4,Perfect morning spot
F-11052,1,,20230516,2023-05-16,2,2,2,Best cold brew I've ever had
F-11053,2,272,20240305,2024-03-05,4,4,4,Barista was incredibly helpful
F-11054,9,,20220921,2022-09-21,3,3,3,"Great wifi, perfect for working"
F-11055,2,,20230606,2023-06-06,5,4,5,Excellent service as always
F-11056,1,215,20221225,2022-12-25,3,2,3,
F-11057,5,263,20220723,2022-07-23,2,3,2,Love the loyalty program rewards
F-11058,2,46,20240629,2024-06-29,4,3,5,Food options are limited
F-11059,1,366,20220818,2022-08-18,5,4,5,Excellent service as always
F-11060,12,,20231024,2023-10-24,4,4,4,Price increase was noticeable
F-11061,8,,20221010,2022-10-10,4,4,4,Best cold brew I've ever had
F-11062,11,317,20230828,2023-08-28,4,4,4,Best cold brew I've ever had
F-11063,11,305,20240301,2024-03-01,5,5,5,Love the new seasonal blend
F-11064,10,154,20230918,2023-09-18,5,5,5,Not enough oat milk options
F-11065,11,,20230418,2023-04-18,5,5,5,Excellent service as always
F-11066,2,337,20230531,2023-05-31,2,2,2,Long wait time today
F-11067,11,173,20240213,2024-02-13,5,5,5,Perfect morning spot
F-11068,8,431,20240320,2024-03-20,4,4,4,Price increase was noticeable
F-11069,10,,20231201,2023-12-01,4,4,4,Long wait time today
F-11070,2,,20221030,2022-10-30,4,4,4,Excellent service as always
F-11071,7,239,20240215,2024-02-15,3,2,3,Disappointed with portion size
F-11072,11,,20240424,2024-04-24,4,4,5,Not enough oat milk options
F-11073,12,,20240309,2024-03-09,5,5,5,Disappointed with portion size
F-11074,7,244,20230804,2023-08-04,3,3,3,Not enough oat milk options
F-11075,3,268,20220824,2022-08-24,3,4,3,Barista was incredibly helpful
F-11076,5,,20220623,2022-06-23,5,5,5,Clean and well-maintained store
F-11077,6,434,20230403,2023-04-03,5,5,5,Barista was incredibly helpful
F-11078,9,389,20221001,2022-10-01,3,3,3,Love the loyalty program rewards
F-11079,11,,20230428,2023-04-28,5,5,5,Excellent service as always
F-11080,11,113,20240908,2024-09-08,3,3,3,"Great wifi, perfect for working"
F-11081,2,490,20231201,2023-12-01,4,3,5,Beautiful interior design
F-11082,4,441,20220624,2022-06-24,5,5,5,
F-11083,1,32,20230522,2023-05-22,4,3,4,"Too crowded, hard to find a seat"
F-11084,5,230,20240221,2024-02-21,4,3,3,Long wait time today
F-11085,7,24,20230105,2023-01-05,3,2,3,"Too crowded, hard to find a seat"
F-11086,10,,20240516,2024-05-16,4,5,3,"Great coffee, friendly staff"
F-11087,9,345,20240922,2024-09-22,4,4,4,Barista was incredibly helpful
F-11088,7,,20231020,2023-10-20,5,5,5,Price increase was noticeable
F-11089,7,290,20230919,2023-09-19,4,4,4,"Great wifi, perfect for working"
F-11090,8,336,20230802,2023-08-02,4,5,4,Parking is always a challenge
F-11091,4,,20230526,2023-05-26,4,3,3,Price increase was noticeable
F-11092,6,424,20230731,2023-07-31,2,2,2,Clean and well-maintained store
F-11093,10,394,20231207,2023-12-07,4,4,4,Love the loyalty program rewards
F-11094,2,318,20240208,2024-02-08,3,4,2,Love the loyalty program rewards
F-11095,12,,20221126,2022-11-26,3,4,3,Parking is always a challenge
F-11096,1,293,20230108,2023-01-08,5,5,5,Clean and well-maintained store
F-11097,1,86,20230627,2023-06-27,4,4,4,Clean and well-maintained store
F-11098,3,153,20231223,2023-12-23,4,4,4,Love the loyalty program rewards
F-11099,2,,20240223,2024-02-23,4,3,4,Love the new seasonal blend
F-11100,5,328,20240530,2024-05-30,4,4,4,Long wait time today
F-11101,11,266,20230501,2023-05-01,3,3,2,Price increase was noticeable
F-11102,10,245,20240102,2024-01-02,5,5,5,"Great wifi, perfect for working"
F-11103,5,,20221205,2022-12-05,4,4,3,Not enough oat milk options
F-11104,4,,20221216,2022-12-16,4,4,4,Beautiful interior design
F-11105,12,,20220821,2022-08-21,5,5,5,"Great coffee, friendly staff"
F-11106,8,112,20230206,2023-02-06,5,5,5,Food options are limited
F-11107,11,365,20230401,2023-04-01,4,5,3,
F-11108,12,484,20240623,2024-06-23,4,4,4,Nice atmosphere
F-11109,7,,20220825,2022-08-25,2,2,2,
F-11110,2,,20240424,2024-04-24,5,4,4,Love the loyalty program rewards
F-11111,11,210,20220627,2022-06-27,4,5,4,"Great coffee, friendly staff"
F-11112,2,418,20230529,2023-05-29,5,5,5,Music was too loud
F-11113,4,432,20220603,2022-06-03,4,5,4,Order was wrong
F-11114,12,246,20230227,2023-02-27,4,4,5,
F-11115,5,,20230804,2023-08-04,3,3,3,Price increase was noticeable
F-11116,5,17,20240502,2024-05-02,3,4,3,Disappointed with portion size
F-11117,2,,20240901,2024-09-01,4,4,4,Long wait time today
F-11118,1,209,20221118,2022-11-18,5,5,5,Price increase was noticeable
F-11119,8,417,20240801,2024-08-01,5,5,5,Best latte in town!
F-11120,12,495,20240922,2024-09-22,4,4,4,Long wait time today
F-11121,11,,20240430,2024-04-30,3,3,3,Love the new seasonal blend
F-11122,5,,20230125,2023-01-25,2,1,1,Beautiful interior design
F-11123,8,,20230713,2023-07-13,3,2,4,Coffee was lukewarm
F-11124,9,452,20240429,2024-04-29,4,5,5,Love the loyalty program rewards
F-11125,9,,20240927,2024-09-27,3,3,3,Nice atmosphere
F-11126,10,74,20241106,2024-11-06,5,5,5,Quick and efficient service
F-11127,11,154,20231022,2023-10-22,3,3,3,Nice atmosphere
F-11128,1,,20240508,2024-05-08,4,4,4,Staff seemed rushed and distracted
F-11129,7,379,20230118,2023-01-18,5,5,5,Perfect morning spot
F-11130,1,181,20231111,2023-11-11,2,1,2,Love the new seasonal blend
F-11131,8,,20241011,2024-10-11,4,4,4,Coffee was lukewarm
F-11132,3,333,20221218,2022-12-18,2,3,2,Love the loyalty program rewards
F-11133,7,,20240622,2024-06-22,4,5,5,
F-11134,7,233,20241110,2024-11-10,4,5,4,Staff seemed rushed and distracted
F-11135,5,113,20231222,2023-12-22,5,5,5,
F-11136,1,342,20230219,2023-02-19,2,2,2,Nice atmosphere
F-11137,12,393,20230408,2023-04-08,4,4,3,Clean and well-maintained store
F-11138,6,,20240815,2024-08-15,4,4,3,"Great wifi, perfect for working"
F-11139,11,22,20240301,2024-03-01,4,4,4,Not enough oat milk options
F-11140,6,,20241022,2024-10-22,4,4,3,"Too crowded, hard to find a seat"
F-11141,12,,20230609,2023-06-09,5,5,5,Parking is always a challenge
F-11142,5,78,20231225,2023-12-25,3,2,3,Price increase was noticeable
F-11143,3,,20230606,2023-06-06,4,5,4,"Too crowded, hard to find a seat"
F-11144,5,,20240104,2024-01-04,4,4,4,Beautiful interior design
F-11145,10,127,20220623,2022-06-23,2,1,1,
F-11146,2,466,20230421,2023-04-21,5,5,5,Perfect morning spot
F-11147,2,,20230928,2023-09-28,5,5,5,Disappointed with portion size
F-11148,9,95,20231122,2023-11-22,5,5,5,
F-11149,8,343,20230825,2023-08-25,5,4,5,
F-11150,11,53,20221104,2022-11-04,5,5,4,"Great wifi, perfect for working"
F-11151,1,253,20230917,2023-09-17,4,3,4,
F-11152,2,452,20240615,2024-06-15,5,5,5,Long wait time today
F-11153,6,336,20240509,2024-05-09,5,5,5,Price increase was noticeable
F-11154,8,,20240504,2024-05-04,5,5,5,Staff seemed rushed and distracted
F-11155,10,293,20241122,2024-11-22,4,4,4,Best cold brew I've ever had
F-11156,11,,20240308,2024-03-08,3,3,3,"Great wifi, perfect for working"
F-11157,12,94,20240413,2024-04-13,5,5,5,
F-11158,12,46,20240413,2024-04-13,4,3,4,Best latte in town!
F-11159,5,,20240411,2024-04-11,5,5,4,Music was too loud
F-11160,7,,20240628,2024-06-28,4,3,4,Barista was incredibly helpful
F-11161,1,165,20220928,2022-09-28,5,5,5,Best latte in town!
F-11162,5,,20240311,2024-03-11,5,5,5,Long wait time today
F-11163,8,167,20231006,2023-10-06,4,4,5,"Great wifi, perfect for working"
F-11164,1,229,20240214,2024-02-14,5,5,4,Price increase was noticeable
F-11165,5,219,20240316,2024-03-16,5,4,5,
F-11166,4,470,20240120,2024-01-20,3,4,3,Best cold brew I've ever had
F-11167,7,422,20230104,2023-01-04,5,5,5,
F-11168,12,238,20240513,2024-05-13,4,4,4,Nice atmosphere
F-11169,5,220,20221102,2022-11-02,3,3,3,Clean and well-maintained store
F-11170,6,,20230221,2023-02-21,5,5,5,Clean and well-maintained store
F-11171,10,34,20231106,2023-11-06,3,2,3,
F-11172,5,303,20230123,2023-01-23,3,3,3,Staff seemed rushed and distracted
F-11173,3,427,20221118,2022-11-18,5,5,5,
F-11174,4,,20220930,2022-09-30,4,4,4,Coffee was lukewarm
F-11175,12,40,20230707,2023-07-07,4,5,4,Price increase was noticeable
F-11176,9,,20220628,2022-06-28,2,2,2,Clean and well-maintained store
F-11177,10,250,20231231,2023-12-31,3,3,3,Food options are limited
F-11178,1,40,20230831,2023-08-31,2,2,2,Clean and well-maintained store
F-11179,12,451,20230213,2023-02-13,5,4,4,Perfect morning spot
F-11180,7,435,20240113,2024-01-13,3,3,3,Best latte in town!
F-11181,8,,20240725,2024-07-25,4,4,5,Clean and well-maintained store
F-11182,7,80,20220606,2022-06-06,4,4,4,Music was too loud
F-11183,2,,20230629,2023-06-29,4,4,3,Order was wrong
F-11184,7,294,20231220,2023-12-20,4,4,5,Pastries were fresh and delicious
F-11185,6,86,20230708,2023-07-08,5,5,4,"Great coffee, friendly staff"
F-11186,12,285,20240813,2024-08-13,4,4,4,Price increase was noticeable
F-11187,3,34,20241016,2024-10-16,4,3,5,Perfect morning spot
F-11188,6,391,20240423,2024-04-23,3,3,2,Nice atmosphere
F-11189,3,351,20240831,2024-08-31,4,4,4,
F-11190,8,,20240821,2024-08-21,5,5,5,
F-11191,9,279,20230804,2023-08-04,4,4,4,Staff seemed rushed and distracted
F-11192,11,,20230306,2023-03-06,4,4,4,Love the loyalty program rewards
F-11193,7,251,20230210,2023-02-10,4,4,5,
F-11194,2,295,20230911,2023-09-11,4,4,4,Long wait time today
F-11195,12,210,20241013,2024-10-13,4,5,4,"Great wifi, perfect for working"
F-11196,2,,20221102,2022-11-02,4,5,4,
F-11197,11,314,20240822,2024-08-22,3,3,3,Nice atmosphere
F-11198,1,119,20230523,2023-05-23,4,4,4,Pastries were fresh and delicious
F-11199,1,247,20230501,2023-05-01,5,5,5,Parking is always a challenge
F-11200,9,14,20231114,2023-11-14,4,4,4,Disappointed with portion size
